"ENTREPRISES";"PROJETS";"THEMATIQUE";"PAGE";"VAGUE";"URL_FICH_ORIGINE"
"AB Tasty";"Personnalisation";"NUMÉRIQUE";"57";1;"../Data/vague_1_6/i-nov-palmar-s-vague-1-19087.pdf"
"AB7 Industries";"Terrabios";"AGRICULTURE INNOVANTE";"38";1;"../Data/vague_1_6/i-nov-palmar-s-vague-1-19087.pdf"
"ACCENTA";"ACCENTA.AI";"ÉNERGIES RENOUVELABLES, STOCKAGE ET SYSTÈMES ÉNERGÉTIQUES";"07";1;"../Data/vague_1_6/i-nov-palmar-s-vague-1-19087.pdf"
"Aenitis Technologies";"ALI-S";"SANTÉ";"80";1;"../Data/vague_1_6/i-nov-palmar-s-vague-1-19087.pdf"
"AIRWEB";"TICKET_UNIVERSEL";"TRANSPORT ET MOBILITÉ DURABLE";"24";1;"../Data/vague_1_6/i-nov-palmar-s-vague-1-19087.pdf"
"ALPHEE Developpement";"SMART20";"TRANSPORT ET MOBILITÉ DURABLE";"25";1;"../Data/vague_1_6/i-nov-palmar-s-vague-1-19087.pdf"
"ALSID";"NGCySS";"SÉCURITÉ ET CYBERSÉCURITÉ";"88";1;"../Data/vague_1_6/i-nov-palmar-s-vague-1-19087.pdf"
"ALYCE";"Observer";"TRANSPORT ET MOBILITÉ DURABLE";"26";1;"../Data/vague_1_6/i-nov-palmar-s-vague-1-19087.pdf"
"AP&BS";"SYMPHONIA";"NUMÉRIQUE";"58";1;"../Data/vague_1_6/i-nov-palmar-s-vague-1-19087.pdf"
"APIX Analytics";"MILAN";"FRENCH FAB";"94";1;"../Data/vague_1_6/i-nov-palmar-s-vague-1-19087.pdf"
"ARYBALLE Technologies";"NeOse F3";"ALIMENTATION INTELLIGENTE";"101";1;"../Data/vague_1_6/i-nov-palmar-s-vague-1-19087.pdf"
"ATAWEY";"FRHYSE";"TRANSPORT ET MOBILITÉ DURABLE";"27";1;"../Data/vague_1_6/i-nov-palmar-s-vague-1-19087.pdf"
"BIODEVAS Laboratoires";"BIOBACT";"AGRICULTURE INNOVANTE";"39";1;"../Data/vague_1_6/i-nov-palmar-s-vague-1-19087.pdf"
"BIOMEDE";"SEEDEXTRA";"AGRICULTURE INNOVANTE";"40";1;"../Data/vague_1_6/i-nov-palmar-s-vague-1-19087.pdf"
"Botify";"Botify AI";"NUMÉRIQUE";"59";1;"../Data/vague_1_6/i-nov-palmar-s-vague-1-19087.pdf"
"C4Hydro";"LEGIO EZ-AUTO";"ÉCOSYSTÈMES TERRESTRES, AQUATIQUES ET MARINS";"49";1;"../Data/vague_1_6/i-nov-palmar-s-vague-1-19087.pdf"
"Carbon Bee AgTech";"ILS";"AGRICULTURE INNOVANTE";"41";1;"../Data/vague_1_6/i-nov-palmar-s-vague-1-19087.pdf"
"Cycle Farms";"CYCLE SEED";"AGRICULTURE INNOVANTE";"42";1;"../Data/vague_1_6/i-nov-palmar-s-vague-1-19087.pdf"
"Cythelia Energy";"ASUITE-PV-BIM";"ÉNERGIES RENOUVELABLES, STOCKAGE ET SYSTÈMES ÉNERGÉTIQUES";"08";1;"../Data/vague_1_6/i-nov-palmar-s-vague-1-19087.pdf"
"DEEPKI";"STASE2";"ÉNERGIES RENOUVELABLES, STOCKAGE ET SYSTÈMES ÉNERGÉTIQUES";"09";1;"../Data/vague_1_6/i-nov-palmar-s-vague-1-19087.pdf"
"DIBOTICS";"Beyond-LiDAR";"TRANSPORT ET MOBILITÉ DURABLE";"28";1;"../Data/vague_1_6/i-nov-palmar-s-vague-1-19087.pdf"
"Diimotion";"DODI";"AGRICULTURE INNOVANTE";"43";1;"../Data/vague_1_6/i-nov-palmar-s-vague-1-19087.pdf"
"DNA Script";"SynVec";"SANTÉ";"81";1;"../Data/vague_1_6/i-nov-palmar-s-vague-1-19087.pdf"
"DualSun";"DualFab";"ÉNERGIES RENOUVELABLES, STOCKAGE ET SYSTÈMES ÉNERGÉTIQUES";"10";1;"../Data/vague_1_6/i-nov-palmar-s-vague-1-19087.pdf"
"eBike Labs";"eBike Brain";"TRANSPORT ET MOBILITÉ DURABLE";"29";1;"../Data/vague_1_6/i-nov-palmar-s-vague-1-19087.pdf"
"EnerBee";"Little Bee";"ÉNERGIES RENOUVELABLES, STOCKAGE ET SYSTÈMES ÉNERGÉTIQUES";"11";1;"../Data/vague_1_6/i-nov-palmar-s-vague-1-19087.pdf"
"Energies Demain";"AtAC";"ÉNERGIES RENOUVELABLES, STOCKAGE ET SYSTÈMES ÉNERGÉTIQUES";"12";1;"../Data/vague_1_6/i-nov-palmar-s-vague-1-19087.pdf"
"ENTECH-SE";"CSV";"ÉNERGIES RENOUVELABLES, STOCKAGE ET SYSTÈMES ÉNERGÉTIQUES";"13";1;"../Data/vague_1_6/i-nov-palmar-s-vague-1-19087.pdf"
"ETS DUBRULLE";"2018CROPV";"AGRICULTURE INNOVANTE";"44";1;"../Data/vague_1_6/i-nov-palmar-s-vague-1-19087.pdf"
"EUVEKA";"BEM";"NUMÉRIQUE";"60";1;"../Data/vague_1_6/i-nov-palmar-s-vague-1-19087.pdf"
"Everysens";"OMNITRACK";"TRANSPORT ET MOBILITÉ DURABLE";"30";1;"../Data/vague_1_6/i-nov-palmar-s-vague-1-19087.pdf"
"Expliseat";"AERORAIL";"TRANSPORT ET MOBILITÉ DURABLE";"31";1;"../Data/vague_1_6/i-nov-palmar-s-vague-1-19087.pdf"
"FLUDIA";"FUSINI";"ÉNERGIES RENOUVELABLES, STOCKAGE ET SYSTÈMES ÉNERGÉTIQUES";"14";1;"../Data/vague_1_6/i-nov-palmar-s-vague-1-19087.pdf"
"FORSETI SAS";"Doctrine.eu";"NUMÉRIQUE";"61";1;"../Data/vague_1_6/i-nov-palmar-s-vague-1-19087.pdf"
"Georges.tech SAS";"GEORGES";"NUMÉRIQUE";"62";1;"../Data/vague_1_6/i-nov-palmar-s-vague-1-19087.pdf"
"GO TOUCH VR";"GO TOUCH VR 5G";"NUMÉRIQUE";"63";1;"../Data/vague_1_6/i-nov-palmar-s-vague-1-19087.pdf"
"GULPLUG";"SELFPLUG";"TRANSPORT ET MOBILITÉ DURABLE";"32";1;"../Data/vague_1_6/i-nov-palmar-s-vague-1-19087.pdf"
"H-PreC SAS";"BloK";"FRENCH FAB";"95";1;"../Data/vague_1_6/i-nov-palmar-s-vague-1-19087.pdf"
"HAWK";"SOLARWATCH";"ÉNERGIES RENOUVELABLES, STOCKAGE ET SYSTÈMES ÉNERGÉTIQUES";"15";1;"../Data/vague_1_6/i-nov-palmar-s-vague-1-19087.pdf"
"Infolegale";"COMPLIFY";"NUMÉRIQUE";"64";1;"../Data/vague_1_6/i-nov-palmar-s-vague-1-19087.pdf"
"IoT.bzh";"SILEX";"NUMÉRIQUE";"65";1;"../Data/vague_1_6/i-nov-palmar-s-vague-1-19087.pdf"
"IXSANE";"EMILIE";"ÉCOSYSTÈMES TERRESTRES, AQUATIQUES ET MARINS";"50";1;"../Data/vague_1_6/i-nov-palmar-s-vague-1-19087.pdf"
"KITEWINDER";"STRATO-WIND";"ÉNERGIES RENOUVELABLES, STOCKAGE ET SYSTÈMES ÉNERGÉTIQUES";"16";1;"../Data/vague_1_6/i-nov-palmar-s-vague-1-19087.pdf"
"KLEARIA";"MICROPOLTRACK";"ÉCOSYSTÈMES TERRESTRES, AQUATIQUES ET MARINS";"51";1;"../Data/vague_1_6/i-nov-palmar-s-vague-1-19087.pdf"
"LIBRICIEL SCOP SA";"IPNG";"NUMÉRIQUE";"66";1;"../Data/vague_1_6/i-nov-palmar-s-vague-1-19087.pdf"
"LyophiTech";"LYOAC";"ALIMENTATION INTELLIGENTE";"102";1;"../Data/vague_1_6/i-nov-palmar-s-vague-1-19087.pdf"
"MagIA Diagnostics SAS";"MagIABioprod";"SANTÉ";"82";1;"../Data/vague_1_6/i-nov-palmar-s-vague-1-19087.pdf"
"Mascara Nouvelles Technologies";"ECO DESSALEMENT SOLAIRE";"ÉCOSYSTÈMES TERRESTRES, AQUATIQUES ET MARINS";"52";1;"../Data/vague_1_6/i-nov-palmar-s-vague-1-19087.pdf"
"MC2 Technologies";"SACOP";"SÉCURITÉ ET CYBERSÉCURITÉ";"89";1;"../Data/vague_1_6/i-nov-palmar-s-vague-1-19087.pdf"
"Metagritech";"Hydroferti";"AGRICULTURE INNOVANTE";"45";1;"../Data/vague_1_6/i-nov-palmar-s-vague-1-19087.pdf"
"MilliDrop Instrument SAS";"DIHAG";"SANTÉ";"83";1;"../Data/vague_1_6/i-nov-palmar-s-vague-1-19087.pdf"
"MJVA-Creaminal";"bridg.audio";"NUMÉRIQUE";"67";1;"../Data/vague_1_6/i-nov-palmar-s-vague-1-19087.pdf"
"MultiX S.A.";"AUTOSOFT";"SÉCURITÉ ET CYBERSÉCURITÉ";"90";1;"../Data/vague_1_6/i-nov-palmar-s-vague-1-19087.pdf"
"MYRIADE";"COLE";"SANTÉ";"84";1;"../Data/vague_1_6/i-nov-palmar-s-vague-1-19087.pdf"
"NETATMO";"NHA";"NUMÉRIQUE";"68";1;"../Data/vague_1_6/i-nov-palmar-s-vague-1-19087.pdf"
"NEWHEAT";"SCALE&MIX";"ÉNERGIES RENOUVELABLES, STOCKAGE ET SYSTÈMES ÉNERGÉTIQUES";"17";1;"../Data/vague_1_6/i-nov-palmar-s-vague-1-19087.pdf"
"Nextmind";"NeurAction";"NUMÉRIQUE";"69";1;"../Data/vague_1_6/i-nov-palmar-s-vague-1-19087.pdf"
"Odit-e";"UTILIT-e";"ÉNERGIES RENOUVELABLES, STOCKAGE ET SYSTÈMES ÉNERGÉTIQUES";"18";1;"../Data/vague_1_6/i-nov-palmar-s-vague-1-19087.pdf"
"OWNEST SAS";"OWNEST";"NUMÉRIQUE";"70";1;"../Data/vague_1_6/i-nov-palmar-s-vague-1-19087.pdf"
"PERARD";"Silo-eXpress";"AGRICULTURE INNOVANTE";"46";1;"../Data/vague_1_6/i-nov-palmar-s-vague-1-19087.pdf"
"PERCIPIO ROBOTICS";"FRENCH PRECISION";"FRENCH FAB";"96";1;"../Data/vague_1_6/i-nov-palmar-s-vague-1-19087.pdf"
"Pherecydes Pharma";"Phagogramme";"SANTÉ";"85";1;"../Data/vague_1_6/i-nov-palmar-s-vague-1-19087.pdf"
"Pricemoov";"PRM";"NUMÉRIQUE";"71";1;"../Data/vague_1_6/i-nov-palmar-s-vague-1-19087.pdf"
"Prove & Run";"ProvenStore";"SÉCURITÉ ET CYBERSÉCURITÉ";"91";1;"../Data/vague_1_6/i-nov-palmar-s-vague-1-19087.pdf"
"Reuniwatt SAS";"Deep PV Forecasting – DPVF";"ÉNERGIES RENOUVELABLES, STOCKAGE ET SYSTÈMES ÉNERGÉTIQUES";"19";1;"../Data/vague_1_6/i-nov-palmar-s-vague-1-19087.pdf"
"SEAir";"Foil’GEE";"TRANSPORT ET MOBILITÉ DURABLE";"33";1;"../Data/vague_1_6/i-nov-palmar-s-vague-1-19087.pdf"
"SEAVIEWS";"CartHabS";"ÉCOSYSTÈMES TERRESTRES, AQUATIQUES ET MARINS";"53";1;"../Data/vague_1_6/i-nov-palmar-s-vague-1-19087.pdf"
"SENTRYO";"KITEA";"SÉCURITÉ ET CYBERSÉCURITÉ";"92";1;"../Data/vague_1_6/i-nov-palmar-s-vague-1-19087.pdf"
"SHIPPEO";"SASHA";"NUMÉRIQUE";"72";1;"../Data/vague_1_6/i-nov-palmar-s-vague-1-19087.pdf"
"Sidetrade";"EuroFirmo";"NUMÉRIQUE";"73";1;"../Data/vague_1_6/i-nov-palmar-s-vague-1-19087.pdf"
"SKILLUP";"MLFORM";"NUMÉRIQUE";"74";1;"../Data/vague_1_6/i-nov-palmar-s-vague-1-19087.pdf"
"SOLEAN";"SHINE LEAN SOLAR";"FRENCH FAB";"97";1;"../Data/vague_1_6/i-nov-palmar-s-vague-1-19087.pdf"
"Soleo Eco-Solutions";"Fourmanioc";"AGRICULTURE INNOVANTE";"47";1;"../Data/vague_1_6/i-nov-palmar-s-vague-1-19087.pdf"
"SPECTRALYS innovation";"OPTI MILL";"ALIMENTATION INTELLIGENTE";"103";1;"../Data/vague_1_6/i-nov-palmar-s-vague-1-19087.pdf"
"SPYGEN SAS";"ALIVe";"ÉCOSYSTÈMES TERRESTRES, AQUATIQUES ET MARINS";"54";1;"../Data/vague_1_6/i-nov-palmar-s-vague-1-19087.pdf"
"STEADYSUN";"MoNuTeR";"ÉNERGIES RENOUVELABLES, STOCKAGE ET SYSTÈMES ÉNERGÉTIQUES";"20";1;"../Data/vague_1_6/i-nov-palmar-s-vague-1-19087.pdf"
"STIRAL";"COMHEX Cu-Al";"TRANSPORT ET MOBILITÉ DURABLE";"34";1;"../Data/vague_1_6/i-nov-palmar-s-vague-1-19087.pdf"
"SurfactGreen";"T2BIO";"FRENCH FAB";"98";1;"../Data/vague_1_6/i-nov-palmar-s-vague-1-19087.pdf"
"TENEVIA";"CAM-WaterQuality";"ÉCOSYSTÈMES TERRESTRES, AQUATIQUES ET MARINS";"55";1;"../Data/vague_1_6/i-nov-palmar-s-vague-1-19087.pdf"
"Therapixel SA";"MammoScreen";"NUMÉRIQUE";"75";1;"../Data/vague_1_6/i-nov-palmar-s-vague-1-19087.pdf"
"TIAMAT";"POWERBAT";"ÉNERGIES RENOUVELABLES, STOCKAGE ET SYSTÈMES ÉNERGÉTIQUES";"21";1;"../Data/vague_1_6/i-nov-palmar-s-vague-1-19087.pdf"
"tictactrip";"MARIT";"TRANSPORT ET MOBILITÉ DURABLE";"35";1;"../Data/vague_1_6/i-nov-palmar-s-vague-1-19087.pdf"
"TRISKEM INTERNATIONAL";"C.L.I.P.S. 2020";"FRENCH FAB";"99";1;"../Data/vague_1_6/i-nov-palmar-s-vague-1-19087.pdf"
"TrustBK";"Margo Bank";"NUMÉRIQUE";"76";1;"../Data/vague_1_6/i-nov-palmar-s-vague-1-19087.pdf"
"UPTIME";"PEMSys";"NUMÉRIQUE";"77";1;"../Data/vague_1_6/i-nov-palmar-s-vague-1-19087.pdf"
"Vaxinano";"NANOVAXIN";"SANTÉ";"86";1;"../Data/vague_1_6/i-nov-palmar-s-vague-1-19087.pdf"
"VEKIA";"suppl.AI";"NUMÉRIQUE";"78";1;"../Data/vague_1_6/i-nov-palmar-s-vague-1-19087.pdf"
"VOLTINOV";"BE-LIGHT";"ÉNERGIES RENOUVELABLES, STOCKAGE ET SYSTÈMES ÉNERGÉTIQUES";"22";1;"../Data/vague_1_6/i-nov-palmar-s-vague-1-19087.pdf"
"Vulog";"MaasLab";"TRANSPORT ET MOBILITÉ DURABLE";"36";1;"../Data/vague_1_6/i-nov-palmar-s-vague-1-19087.pdf"
"7HUGS LABS";"MARS";"NUMÉRIQUE";"36";2;"../Data/vague_1_6/i-nov-palmar-s-vague-2-19084.pdf"
"Acklio";"Plug & Play LPWAN Connectivity";"NUMÉRIQUE";"37";2;"../Data/vague_1_6/i-nov-palmar-s-vague-2-19084.pdf"
"ADIONICS";"HAL’EXTRA";"AGRICULTURE, INDUSTRIE ET SYLVICULTURE ÉCO-EFFICIENTES";"13";2;"../Data/vague_1_6/i-nov-palmar-s-vague-2-19084.pdf"
"AlgoSource";"Allisimac";"ALIMENTATION INTELLIGENTE";"75";2;"../Data/vague_1_6/i-nov-palmar-s-vague-2-19084.pdf"
"Alkemics";"B2B MARKETPLACE";"NUMÉRIQUE";"38";2;"../Data/vague_1_6/i-nov-palmar-s-vague-2-19084.pdf"
"ALKION BIO INNOVATIONS";"NeGenSweet";"ALIMENTATION INTELLIGENTE";"76";2;"../Data/vague_1_6/i-nov-palmar-s-vague-2-19084.pdf"
"ALPINOV X";"FHP";"AGRICULTURE, INDUSTRIE ET SYLVICULTURE ÉCO-EFFICIENTES";"14";2;"../Data/vague_1_6/i-nov-palmar-s-vague-2-19084.pdf"
"AmpliSIM";"RefSIM";"EXPOSITIONS CHRONIQUES ET RISQUES SANITAIRES";"33";2;"../Data/vague_1_6/i-nov-palmar-s-vague-2-19084.pdf"
"BBS SLAMA";"BEE";"PERFORMANCE ENVIRONNEMENTALE DES BÂTIMENTS";"7";2;"../Data/vague_1_6/i-nov-palmar-s-vague-2-19084.pdf"
"BOOSTHEAT";"BOOSTHEAT.20";"PERFORMANCE ENVIRONNEMENTALE DES BÂTIMENTS";"8";2;"../Data/vague_1_6/i-nov-palmar-s-vague-2-19084.pdf"
"CardioRenal";"IMPACTER";"SANTÉ";"54";2;"../Data/vague_1_6/i-nov-palmar-s-vague-2-19084.pdf"
"CONNECTING FOOD";"Live Transparency";"ALIMENTATION INTELLIGENTE";"77";2;"../Data/vague_1_6/i-nov-palmar-s-vague-2-19084.pdf"
"Cycl-add";"Poly’add";"ECONOMIE CIRCULAIRE";"22";2;"../Data/vague_1_6/i-nov-palmar-s-vague-2-19084.pdf"
"DELTALYS";"CattaLys";"ECONOMIE CIRCULAIRE";"23";2;"../Data/vague_1_6/i-nov-palmar-s-vague-2-19084.pdf"
"DIGINOVE";"TELECENSE";"ESPACE";"63";2;"../Data/vague_1_6/i-nov-palmar-s-vague-2-19084.pdf"
"E-ODYN";"DUOS";"ESPACE";"64";2;"../Data/vague_1_6/i-nov-palmar-s-vague-2-19084.pdf"
"ECO-ADAPT";"EFFI-MOTEUR";"AGRICULTURE, INDUSTRIE ET SYLVICULTURE ÉCO-EFFICIENTES";"15";2;"../Data/vague_1_6/i-nov-palmar-s-vague-2-19084.pdf"
"Ecodrop";"Technodrop";"ECONOMIE CIRCULAIRE";"24";2;"../Data/vague_1_6/i-nov-palmar-s-vague-2-19084.pdf"
"ENHANCIA";"M2HD";"NUMÉRIQUE";"39";2;"../Data/vague_1_6/i-nov-palmar-s-vague-2-19084.pdf"
"Exotrail";"PEPS";"ESPACE";"65";2;"../Data/vague_1_6/i-nov-palmar-s-vague-2-19084.pdf"
"FairyTool";"PocketStudio";"NUMÉRIQUE";"40";2;"../Data/vague_1_6/i-nov-palmar-s-vague-2-19084.pdf"
"GoJob";"INSERT";"SOCIÉTÉ INCLUSIVE ET SOLIDAIRE";"70";2;"../Data/vague_1_6/i-nov-palmar-s-vague-2-19084.pdf"
"IEXEC";"ETH4ETR";"NUMÉRIQUE";"41";2;"../Data/vague_1_6/i-nov-palmar-s-vague-2-19084.pdf"
"Incepto Medical";"Augmented Radiology";"SANTÉ";"55";2;"../Data/vague_1_6/i-nov-palmar-s-vague-2-19084.pdf"
"InnovaFeed";"InScale";"ECONOMIE CIRCULAIRE";"25";2;"../Data/vague_1_6/i-nov-palmar-s-vague-2-19084.pdf"
"Intent – Drone Interactive";"ARCADRONE";"NUMÉRIQUE";"42";2;"../Data/vague_1_6/i-nov-palmar-s-vague-2-19084.pdf"
"INVERS";"INFARM";"AGRICULTURE, INDUSTRIE ET SYLVICULTURE ÉCO-EFFICIENTES";"16";2;"../Data/vague_1_6/i-nov-palmar-s-vague-2-19084.pdf"
"IT CONTROL EXPERT";"ECOSTRAUV";"PERFORMANCE ENVIRONNEMENTALE DES BÂTIMENTS";"9";2;"../Data/vague_1_6/i-nov-palmar-s-vague-2-19084.pdf"
"Lactips";"EMBALACTIF";"ALIMENTATION INTELLIGENTE";"78";2;"../Data/vague_1_6/i-nov-palmar-s-vague-2-19084.pdf"
"Les Alchimistes";"Alchimistes";"ECONOMIE CIRCULAIRE";"26";2;"../Data/vague_1_6/i-nov-palmar-s-vague-2-19084.pdf"
"Linkednutri";"Linkednutri";"ALIMENTATION INTELLIGENTE";"79";2;"../Data/vague_1_6/i-nov-palmar-s-vague-2-19084.pdf"
"LXRepair";"ZYMONCO";"SANTÉ";"56";2;"../Data/vague_1_6/i-nov-palmar-s-vague-2-19084.pdf"
"Mac-Lloyd";"GPSKIN";"NUMÉRIQUE";"43";2;"../Data/vague_1_6/i-nov-palmar-s-vague-2-19084.pdf"
"MagIA Diagnostics";"MagIA Diag IST";"SANTÉ";"57";2;"../Data/vague_1_6/i-nov-palmar-s-vague-2-19084.pdf"
"MEDIMPRINT";"DETIC";"SANTÉ";"58";2;"../Data/vague_1_6/i-nov-palmar-s-vague-2-19084.pdf"
"METAFORA biosystems";"CellMETA-analyzer";"SANTÉ";"59";2;"../Data/vague_1_6/i-nov-palmar-s-vague-2-19084.pdf"
"MODETIC / L’équipe 1083";"MONCOTON";"ECONOMIE CIRCULAIRE";"27";2;"../Data/vague_1_6/i-nov-palmar-s-vague-2-19084.pdf"
"NEXT4";"ISCT - International Supply Chain Trackers";"ESPACE";"66";2;"../Data/vague_1_6/i-nov-palmar-s-vague-2-19084.pdf"
"NEXTFLOW Software";"FINISHH";"NUMÉRIQUE";"44";2;"../Data/vague_1_6/i-nov-palmar-s-vague-2-19084.pdf"
"Nomad Education";"Revision Adaptive 2.0";"NUMÉRIQUE";"45";2;"../Data/vague_1_6/i-nov-palmar-s-vague-2-19084.pdf"
"NovaGray";"NovaGray Chir";"SANTÉ";"60";2;"../Data/vague_1_6/i-nov-palmar-s-vague-2-19084.pdf"
"OKEENEA";"KLEVER";"SOCIÉTÉ INCLUSIVE ET SOLIDAIRE";"71";2;"../Data/vague_1_6/i-nov-palmar-s-vague-2-19084.pdf"
"OROSOUND";"DASH";"EXPOSITIONS CHRONIQUES ET RISQUES SANITAIRES";"34";2;"../Data/vague_1_6/i-nov-palmar-s-vague-2-19084.pdf"
"Payfit";"Payfit";"NUMÉRIQUE";"46";2;"../Data/vague_1_6/i-nov-palmar-s-vague-2-19084.pdf"
"POLLEN Metrology";"PLATYPUS BOOST";"NUMÉRIQUE";"47";2;"../Data/vague_1_6/i-nov-palmar-s-vague-2-19084.pdf"
"Rheonova";"MucoCF";"SANTÉ";"61";2;"../Data/vague_1_6/i-nov-palmar-s-vague-2-19084.pdf"
"ROSI";"REDESIGN";"ECONOMIE CIRCULAIRE";"28";2;"../Data/vague_1_6/i-nov-palmar-s-vague-2-19084.pdf"
"SAVE INNOVATIONS";"S-PG";"AGRICULTURE, INDUSTRIE ET SYLVICULTURE ÉCO-EFFICIENTES";"17";2;"../Data/vague_1_6/i-nov-palmar-s-vague-2-19084.pdf"
"SITIA";"EVAgri";"AGRICULTURE, INDUSTRIE ET SYLVICULTURE ÉCO-EFFICIENTES";"18";2;"../Data/vague_1_6/i-nov-palmar-s-vague-2-19084.pdf"
"Skopai";"EINAI";"NUMÉRIQUE";"48";2;"../Data/vague_1_6/i-nov-palmar-s-vague-2-19084.pdf"
"Smart Cast";"DTR";"PERFORMANCE ENVIRONNEMENTALE DES BÂTIMENTS";"10";2;"../Data/vague_1_6/i-nov-palmar-s-vague-2-19084.pdf"
"SMOME";"SMOME BPA";"PERFORMANCE ENVIRONNEMENTALE DES BÂTIMENTS";"11";2;"../Data/vague_1_6/i-nov-palmar-s-vague-2-19084.pdf"
"Spideo";"SPIDEO CREATIVE SaaS";"NUMÉRIQUE";"49";2;"../Data/vague_1_6/i-nov-palmar-s-vague-2-19084.pdf"
"Technologies de France";"OSIRX GF";"ECONOMIE CIRCULAIRE";"29";2;"../Data/vague_1_6/i-nov-palmar-s-vague-2-19084.pdf"
"Tempow – Tap Sound System";"TWE";"NUMÉRIQUE";"50";2;"../Data/vague_1_6/i-nov-palmar-s-vague-2-19084.pdf"
"ThrustMe";"TREND";"ESPACE";"67";2;"../Data/vague_1_6/i-nov-palmar-s-vague-2-19084.pdf"
"Tinyclues";"Auto-Drive";"NUMÉRIQUE";"51";2;"../Data/vague_1_6/i-nov-palmar-s-vague-2-19084.pdf"
"Toucan Toco";"Plateforme Toucan";"NUMÉRIQUE";"52";2;"../Data/vague_1_6/i-nov-palmar-s-vague-2-19084.pdf"
"TRYON";"Modul’O+";"ECONOMIE CIRCULAIRE";"30";2;"../Data/vague_1_6/i-nov-palmar-s-vague-2-19084.pdf"
"Unis C";"PROJET IO";"SOCIÉTÉ INCLUSIVE ET SOLIDAIRE";"72";2;"../Data/vague_1_6/i-nov-palmar-s-vague-2-19084.pdf"
"UNSEENLABS";"UNSEENLABS";"ESPACE";"68";2;"../Data/vague_1_6/i-nov-palmar-s-vague-2-19084.pdf"
"URBAN ECO SCOP";"URBAN’COMPOST";"ECONOMIE CIRCULAIRE";"31";2;"../Data/vague_1_6/i-nov-palmar-s-vague-2-19084.pdf"
"UV BOOSTING";"UV BOOSTING";"AGRICULTURE, INDUSTRIE ET SYLVICULTURE ÉCO-EFFICIENTES";"19";2;"../Data/vague_1_6/i-nov-palmar-s-vague-2-19084.pdf"
"VITIBOT";"BKE";"AGRICULTURE, INDUSTRIE ET SYLVICULTURE ÉCO-EFFICIENTES";"20";2;"../Data/vague_1_6/i-nov-palmar-s-vague-2-19084.pdf"
"Wheeliz";"Wheeliz";"SOCIÉTÉ INCLUSIVE ET SOLIDAIRE";"73";2;"../Data/vague_1_6/i-nov-palmar-s-vague-2-19084.pdf"
"AIVE";"AIVE R&D";"NUMÉRIQUE DEEPTECH";"45";3;"../Data/vague_1_6/i-nov-palmar-s-vague-3-19081.pdf"
"AKRYVIA";"PICUP";"FRENCH FAB";"38";3;"../Data/vague_1_6/i-nov-palmar-s-vague-3-19081.pdf"
"ALTAROAD";"Intrack";"TRANSPORT ET MOBILITÉ DURABLE";"26";3;"../Data/vague_1_6/i-nov-palmar-s-vague-3-19081.pdf"
"ANANKE";"ECOGEN_ANANKE";"EFFICACITÉ EN ÉNERGIE ET EN RESSOURCES";"13";3;"../Data/vague_1_6/i-nov-palmar-s-vague-3-19081.pdf"
"antidot";"Smart FT";"NUMÉRIQUE DEEP TECH";"46";3;"../Data/vague_1_6/i-nov-palmar-s-vague-3-19081.pdf"
"ATEME";"AI4SEC";"NUMÉRIQUE DEEP TECH";"47";3;"../Data/vague_1_6/i-nov-palmar-s-vague-3-19081.pdf"
"ACWA Robotics";"ACWA";"EAU ET BIODIVERSITÉ";"7";3;"../Data/vague_1_6/i-nov-palmar-s-vague-3-19081.pdf"
"BIROTA";"ZOTR";"TRANSPORT ET MOBILITÉ DURABLE";"27";3;"../Data/vague_1_6/i-nov-palmar-s-vague-3-19081.pdf"
"bMotion Technologies";"MILA Learn";"NUMÉRIQUE DEEP TECH";"48";3;"../Data/vague_1_6/i-nov-palmar-s-vague-3-19081.pdf"
"BuyCo";"AUTO SHIPPING";"TRANSPORT ET MOBILITÉ DURABLE";"28";3;"../Data/vague_1_6/i-nov-palmar-s-vague-3-19081.pdf"
"CT2MC";"CAN'EAU";"EAU ET BIODIVERSITÉ";"8";3;"../Data/vague_1_6/i-nov-palmar-s-vague-3-19081.pdf"
"CityTaps";"IoW";"EAU ET BIODIVERSITÉ";"9";3;"../Data/vague_1_6/i-nov-palmar-s-vague-3-19081.pdf"
"CWS MOREL";"POG";"TRANSPORT ET MOBILITÉ DURABLE";"29";3;"../Data/vague_1_6/i-nov-palmar-s-vague-3-19081.pdf"
"D-ICE Engineering";"OCEANICS";"TRANSPORT ET MOBILITÉ DURABLE";"30";3;"../Data/vague_1_6/i-nov-palmar-s-vague-3-19081.pdf"
"DASHDOC";"RODATRANS";"TRANSPORT ET MOBILITÉ DURABLE";"31";3;"../Data/vague_1_6/i-nov-palmar-s-vague-3-19081.pdf"
"DCbrain SAS";"MarvinZero";"FRENCH FAB";"39";3;"../Data/vague_1_6/i-nov-palmar-s-vague-3-19081.pdf"
"Deep Algo";"C-3PO";"NUMÉRIQUE DEEP TECH";"50";3;"../Data/vague_1_6/i-nov-palmar-s-vague-3-19081.pdf"
"DigiMobee";"mobeeFLEET";"TRANSPORT ET MOBILITÉ DURABLE";"32";3;"../Data/vague_1_6/i-nov-palmar-s-vague-3-19081.pdf"
"DIOTASOFT S.A.S.";"ASSMA";"FRENCH FAB";"40";3;"../Data/vague_1_6/i-nov-palmar-s-vague-3-19081.pdf"
"E-COBOT";"HULKY";"FRENCH FAB";"41";3;"../Data/vague_1_6/i-nov-palmar-s-vague-3-19081.pdf"
"ENWIRES";"XSTREAM";"ÉNERGIES RENOUVELABLES, STOCKAGE ET SYSTÈMES ÉNERGÉTIQUES";"19";3;"../Data/vague_1_6/i-nov-palmar-s-vague-3-19081.pdf"
"EOLINK SAS";"EFFICACE";"ÉNERGIES RENOUVELABLES, STOCKAGE ET SYSTÈMES ÉNERGÉTIQUES";"20";3;"../Data/vague_1_6/i-nov-palmar-s-vague-3-19081.pdf"
"Foodvisor";"AQUA";"NUMÉRIQUE DEEP TECH";"51";3;"../Data/vague_1_6/i-nov-palmar-s-vague-3-19081.pdf"
"GEOLITH";"Li-Capt 2";"EFFICACITÉ EN ÉNERGIE ET EN RESSOURCES";"14";3;"../Data/vague_1_6/i-nov-palmar-s-vague-3-19081.pdf"
"Glose SAS";"IA au service de la lecture";"NUMÉRIQUE DEEP TECH";"52";3;"../Data/vague_1_6/i-nov-palmar-s-vague-3-19081.pdf"
"Green Communications";"B4V";"TRANSPORT ET MOBILITÉ DURABLE";"33";3;"../Data/vague_1_6/i-nov-palmar-s-vague-3-19081.pdf"
"GREEN SHIELD";"GREENSHIELD";"AGRICULTURE INNOVANTE";"68";3;"../Data/vague_1_6/i-nov-palmar-s-vague-3-19081.pdf"
"Hackuity";"Augmented Pentests";"SÉCURITÉ ET CYBERSÉCURITÉ";"65";3;"../Data/vague_1_6/i-nov-palmar-s-vague-3-19081.pdf"
"Heyday Integrated Circuits";"Heyday Lily";"EFFICACITÉ EN ÉNERGIE ET EN RESSOURCES";"15";3;"../Data/vague_1_6/i-nov-palmar-s-vague-3-19081.pdf"
"imajing";"INITIA";"NUMÉRIQUE DEEP TECH";"53";3;"../Data/vague_1_6/i-nov-palmar-s-vague-3-19081.pdf"
"Inalve";"DEMETRA";"EFFICACITÉ EN ÉNERGIE ET EN RESSOURCES";"16";3;"../Data/vague_1_6/i-nov-palmar-s-vague-3-19081.pdf"
"Kleros";"Themis";"NUMÉRIQUE DEEP TECH";"49";3;"../Data/vague_1_6/i-nov-palmar-s-vague-3-19081.pdf"
"LODIAG";"HydroScreen";"EAU ET BIODIVERSITÉ";"11";3;"../Data/vague_1_6/i-nov-palmar-s-vague-3-19081.pdf"
"MaaT Pharma";"FORM";"SANTÉ - BIOPRODUCTION";"58";3;"../Data/vague_1_6/i-nov-palmar-s-vague-3-19081.pdf"
"MAbSilico SAS";"MABSI CI V3";"SANTÉ BIOPRODUCTION";"59";3;"../Data/vague_1_6/i-nov-palmar-s-vague-3-19081.pdf"
"METRON";"EVA 4.0";"EFFICACITÉ EN ÉNERGIE ET EN RESSOURCES";"17";3;"../Data/vague_1_6/i-nov-palmar-s-vague-3-19081.pdf"
"Mipsology";"ZEBRA-2019c";"NUMÉRIQUE DEEP TECH";"54";3;"../Data/vague_1_6/i-nov-palmar-s-vague-3-19081.pdf"
"NOVITOM";"3D-NEXCT";"NUMÉRIQUE DEEP TECH";"55";3;"../Data/vague_1_6/i-nov-palmar-s-vague-3-19081.pdf"
"PAT";"HERBISCAN";"AGRICULTURE INNOVANTE";"70";3;"../Data/vague_1_6/i-nov-palmar-s-vague-3-19081.pdf"
"PATHOQUEST";"METAGENOMIXX";"SANTÉ - BIOPRODUCTION";"60";3;"../Data/vague_1_6/i-nov-palmar-s-vague-3-19081.pdf"
"SABI AGRI";"META";"AGRICULTURE INNOVANTE";"71";3;"../Data/vague_1_6/i-nov-palmar-s-vague-3-19081.pdf"
"SAS Pikcio Services";"PikcioLab";"NUMÉRIQUE DEEP TECH";"56";3;"../Data/vague_1_6/i-nov-palmar-s-vague-3-19081.pdf"
"Sereema SA";"Windfit 03";"ÉNERGIES RENOUVELABLES, STOCKAGE ET SYSTÈMES ÉNERGÉTIQUES";"21";3;"../Data/vague_1_6/i-nov-palmar-s-vague-3-19081.pdf"
"Seva Technologies";"ARGESTE";"TRANSPORT ET MOBILITÉ DURABLE";"34";3;"../Data/vague_1_6/i-nov-palmar-s-vague-3-19081.pdf"
"SKIPPER NDT";"2SMI";"FRENCH FAB";"42";3;"../Data/vague_1_6/i-nov-palmar-s-vague-3-19081.pdf"
"Smart Immune";"SmarTCellAUTOMATED";"SANTÉ BIOPRODUCTION";"61";3;"../Data/vague_1_6/i-nov-palmar-s-vague-3-19081.pdf"
"SolarCloth System";"EARN";"ÉNERGIES RENOUVELABLES, STOCKAGE ET SYSTÈMES ÉNERGÉTIQUES";"22";3;"../Data/vague_1_6/i-nov-palmar-s-vague-3-19081.pdf"
"SPIREC";"RETIS";"ÉNERGIES RENOUVELABLES, STOCKAGE ET SYSTÈMES ÉNERGÉTIQUES";"23";3;"../Data/vague_1_6/i-nov-palmar-s-vague-3-19081.pdf"
"SQUADRONE SYSTEM";"DIVA";"TRANSPORT ET MOBILITÉ DURABLE";"35";3;"../Data/vague_1_6/i-nov-palmar-s-vague-3-19081.pdf"
"Stem Genomics";"DigiCell";"SANTÉ - BIOPRODUCTION";"62";3;"../Data/vague_1_6/i-nov-palmar-s-vague-3-19081.pdf"
"SWEETCH Energy";"SARBACANNE";"ÉNERGIES RENOUVELABLES, STOCKAGE ET SYSTÈMES ÉNERGÉTIQUES";"24";3;"../Data/vague_1_6/i-nov-palmar-s-vague-3-19081.pdf"
"TREEFROG THERAPEUTICS";"TFT SU";"SANTÉ - BIOPRODUCTION";"63";3;"../Data/vague_1_6/i-nov-palmar-s-vague-3-19081.pdf"
"UTTI";"CORAIL";"FRENCH FAB";"43";3;"../Data/vague_1_6/i-nov-palmar-s-vague-3-19081.pdf"
"VATES";"XCP-ng Shield";"SÉCURITÉ CYBERSÉCURITÉ";"66";3;"../Data/vague_1_6/i-nov-palmar-s-vague-3-19081.pdf"
"VEL'CO";"MOVE 2021";"TRANSPORT ET MOBILITÉ DURABLE";"36";3;"../Data/vague_1_6/i-nov-palmar-s-vague-3-19081.pdf"
"WATCHFROG";"PACQUE";"EAU ET BIODIVERSITÉ";"10";3;"../Data/vague_1_6/i-nov-palmar-s-vague-3-19081.pdf"
"ZOO TECHNIC Group Elastoteck";"ZooTechnic";"AGRICULTURE INNOVANTE";"69";3;"../Data/vague_1_6/i-nov-palmar-s-vague-3-19081.pdf"
"365Talents";"TAMARIN";"NUMÉRIQUE DEEP TECH";"48";4;"../Data/vague_1_6/i-nov-palmar-s-vague-4-19078.pdf"
"Absolut System SAS";"CRYASSY";"ESPACE";"39";4;"../Data/vague_1_6/i-nov-palmar-s-vague-4-19078.pdf"
"ADAGOS";"GoS";"NUMÉRIQUE DEEP TECH";"49";4;"../Data/vague_1_6/i-nov-palmar-s-vague-4-19078.pdf"
"Agilcare CONSTRUCTION";"I-Dem";"TRANSITION ÉCOLOGIQUE APPLICATIONS JOP PARIS 2024";"36";4;"../Data/vague_1_6/i-nov-palmar-s-vague-4-19078.pdf"
"AKTID";"ABI.Expert";"ÉCONOMIE CIRCULAIRE";"11";4;"../Data/vague_1_6/i-nov-palmar-s-vague-4-19078.pdf"
"ANTOFENOL SAS";"ANTOXY";"ALIMENTATION INTELLIGENTE";"75";4;"../Data/vague_1_6/i-nov-palmar-s-vague-4-19078.pdf"
"AXIOMA";"FORTI'VIGNE";"ADAPTATION AU CHANGEMENT CLIMATIQUE";"7";4;"../Data/vague_1_6/i-nov-palmar-s-vague-4-19078.pdf"
"BIOSENCY";"APEX";"NUMÉRIQUE DEEP TECH";"50";4;"../Data/vague_1_6/i-nov-palmar-s-vague-4-19078.pdf"
"Bulane";"BULANE LP2H";"PERFORMANCE ENVIRONNEMENTALE DES BÂTIMENTS";"22";4;"../Data/vague_1_6/i-nov-palmar-s-vague-4-19078.pdf"
"CampoSPHERE";"CampoSPHERE";"ÉCONOMIE CIRCULAIRE";"12";4;"../Data/vague_1_6/i-nov-palmar-s-vague-4-19078.pdf"
"Cap Collectif";"CIVIC-IA";"NUMÉRIQUE DEEP TECH";"51";4;"../Data/vague_1_6/i-nov-palmar-s-vague-4-19078.pdf"
"CeSigma SIGNALS & SYSTEMS";"C4WILD";"ADAPTATION AU CHANGEMENT CLIMATIQUE";"8";4;"../Data/vague_1_6/i-nov-palmar-s-vague-4-19078.pdf"
"COLLIN";"ROBOTOL 2";"SANTÉ – CHIRURGIE DU FUTUR";"65";4;"../Data/vague_1_6/i-nov-palmar-s-vague-4-19078.pdf"
"COMERSO";"So IE!";"ÉCONOMIE CIRCULAIRE";"13";4;"../Data/vague_1_6/i-nov-palmar-s-vague-4-19078.pdf"
"CONSTRUCTIONS COMPOSITES BOIS LIGNOROC";"LIGNOROC V2";"PERFORMANCE ENVIRONNEMENTALE DES BÂTIMENTS";"24";4;"../Data/vague_1_6/i-nov-palmar-s-vague-4-19078.pdf"
"DAVI";"JO'Han";"NUMÉRIQUE DEEP TECH – APPLICATIONS JOP PARIS 2024";"61";4;"../Data/vague_1_6/i-nov-palmar-s-vague-4-19078.pdf"
"DeepOR S.A.S";"NEXT-Blue";"SANTÉ – CHIRURGIE DU FUTUR";"66";4;"../Data/vague_1_6/i-nov-palmar-s-vague-4-19078.pdf"
"Earthcube";"DDFake";"NUMÉRIQUE DEEP TECH";"52";4;"../Data/vague_1_6/i-nov-palmar-s-vague-4-19078.pdf"
"ENOSIS";"BIMOTEP";"ÉCONOMIE CIRCULAIRE";"14";4;"../Data/vague_1_6/i-nov-palmar-s-vague-4-19078.pdf"
"ESTHESIX";"PND-XP";"NUMÉRIQUE DEEP TECH – APPLICATIONS JOP PARIS 2024";"63";4;"../Data/vague_1_6/i-nov-palmar-s-vague-4-19078.pdf"
"GECKO BIOMEDICAL SA";"IDEAS TISSIUM";"SANTÉ – CHIRURGIE DU FUTUR";"67";4;"../Data/vague_1_6/i-nov-palmar-s-vague-4-19078.pdf"
"GEOCORAIL SAS";"BLIREM";"ADAPTATION AU CHANGEMENT CLIMATIQUE";"9";4;"../Data/vague_1_6/i-nov-palmar-s-vague-4-19078.pdf"
"GEOTWIN";"JO_FlowRegulation";"NUMÉRIQUE DEEP TECH – APPLICATIONS JOP PARIS 2024";"62";4;"../Data/vague_1_6/i-nov-palmar-s-vague-4-19078.pdf"
"GREEN SPOT TECHNOLOGIE";"GreenSpot";"ALIMENTATION INTELLIGENTE";"76";4;"../Data/vague_1_6/i-nov-palmar-s-vague-4-19078.pdf"
"GreenBig";"B-BOT";"ÉCONOMIE CIRCULAIRE";"15";4;"../Data/vague_1_6/i-nov-palmar-s-vague-4-19078.pdf"
"HESUS";"HESUS TRANSPORT";"TRANSITION ÉCOLOGIQUE APPLICATIONS JOP PARIS 2024";"35";4;"../Data/vague_1_6/i-nov-palmar-s-vague-4-19078.pdf"
"Homeys";"ODADRE";"PERFORMANCE ENVIRONNEMENTALE DES BÂTIMENTS";"23";4;"../Data/vague_1_6/i-nov-palmar-s-vague-4-19078.pdf"
"HYPNO VR";"HYPNOVR Pro";"SANTÉ – CHIRURGIE DU FUTUR";"68";4;"../Data/vague_1_6/i-nov-palmar-s-vague-4-19078.pdf"
"kheoos";"AVISER";"ÉCONOMIE CIRCULAIRE";"16";4;"../Data/vague_1_6/i-nov-palmar-s-vague-4-19078.pdf"
"Klaxit";"CAAS";"VILLE EN TRANSITION";"29";4;"../Data/vague_1_6/i-nov-palmar-s-vague-4-19078.pdf"
"LA COMPAGNIE DES MOBILITÉS Geovelo";"GEO SMART CITY PLUS";"VILLE EN TRANSITION";"30";4;"../Data/vague_1_6/i-nov-palmar-s-vague-4-19078.pdf"
"LATTICE MEDICAL";"3D BIOFARM";"SANTÉ – CHIRURGIE DU FUTUR";"69";4;"../Data/vague_1_6/i-nov-palmar-s-vague-4-19078.pdf"
"Lili.ai";"LILI KG";"NUMÉRIQUE DEEP TECH";"53";4;"../Data/vague_1_6/i-nov-palmar-s-vague-4-19078.pdf"
"LMP SAS";"Goodwill";"NUMÉRIQUE DEEP TECH";"54";4;"../Data/vague_1_6/i-nov-palmar-s-vague-4-19078.pdf"
"M4D TREEGRAM";"TREEGRAM";"PERFORMANCE ENVIRONNEMENTALE DES BÂTIMENTS";"25";4;"../Data/vague_1_6/i-nov-palmar-s-vague-4-19078.pdf"
"MASTOR";"MastOR Cobot";"SANTÉ – CHIRURGIE DU FUTUR";"70";4;"../Data/vague_1_6/i-nov-palmar-s-vague-4-19078.pdf"
"Materr'UP";"I-NOVATERRE";"PERFORMANCE ENVIRONNEMENTALE DES BÂTIMENTS";"26";4;"../Data/vague_1_6/i-nov-palmar-s-vague-4-19078.pdf"
"MicrodB";"DBFLASH";"VILLE EN TRANSITION";"31";4;"../Data/vague_1_6/i-nov-palmar-s-vague-4-19078.pdf"
"NATURAL GRASS";"AQUAFLOW";"TRANSITION ÉCOLOGIQUE APPLICATIONS JOP PARIS 2024";"33";4;"../Data/vague_1_6/i-nov-palmar-s-vague-4-19078.pdf"
"Néolithe";"FOSSILISATEUR";"ÉCONOMIE CIRCULAIRE";"17";4;"../Data/vague_1_6/i-nov-palmar-s-vague-4-19078.pdf"
"OXXIUS SA";"laMI";"FRENCH FAB – MATÉRIAUX INNOVANTS";"44";4;"../Data/vague_1_6/i-nov-palmar-s-vague-4-19078.pdf"
"Pellenc ST";"PICQ";"ÉCONOMIE CIRCULAIRE";"18";4;"../Data/vague_1_6/i-nov-palmar-s-vague-4-19078.pdf"
"PIXEE MEDICAL";"AUREO";"SANTÉ – CHIRURGIE DU FUTUR";"71";4;"../Data/vague_1_6/i-nov-palmar-s-vague-4-19078.pdf"
"PIXSTART";"Woodwatch byPixstart";"ESPACE";"40";4;"../Data/vague_1_6/i-nov-palmar-s-vague-4-19078.pdf"
"Poly to Poly";"POLY TO POLY";"ÉCONOMIE CIRCULAIRE";"19";4;"../Data/vague_1_6/i-nov-palmar-s-vague-4-19078.pdf"
"QC WARE FRANCE SAS";"QML";"NUMÉRIQUE DEEP TECH";"55";4;"../Data/vague_1_6/i-nov-palmar-s-vague-4-19078.pdf"
"SANCARE";"S.P.E.C.";"NUMÉRIQUE DEEP TECH";"56";4;"../Data/vague_1_6/i-nov-palmar-s-vague-4-19078.pdf"
"SARL DRACULA Technologies";"LAYER 2.0";"FRENCH FAB – MATÉRIAUX INNOVANTS";"45";4;"../Data/vague_1_6/i-nov-palmar-s-vague-4-19078.pdf"
"SAS Consilium";"NeuroChain";"NUMÉRIQUE DEEP TECH";"57";4;"../Data/vague_1_6/i-nov-palmar-s-vague-4-19078.pdf"
"Separative";"i-Purification";"FRENCH FAB - MATÉRIAUX INNOVANTS";"46";4;"../Data/vague_1_6/i-nov-palmar-s-vague-4-19078.pdf"
"SIM&CURE";"SENUTREN";"SANTÉ - CHIRURGIE DU FUTUR";"72";4;"../Data/vague_1_6/i-nov-palmar-s-vague-4-19078.pdf"
"SODITECH";"L.A.S.E.R";"ESPACE";"41";4;"../Data/vague_1_6/i-nov-palmar-s-vague-4-19078.pdf"
"SolZero";"BOUCLONS !";"TRANSITION ÉCOLOGIQUE APPLICATIONS JOP PARIS 2024";"34";4;"../Data/vague_1_6/i-nov-palmar-s-vague-4-19078.pdf"
"SYRLINKS";"SynchroCube";"ESPACE";"42";4;"../Data/vague_1_6/i-nov-palmar-s-vague-4-19078.pdf"
"Techniwood";"MANTOBLOC";"PERFORMANCE ENVIRONNEMENTALE DES BÂTIMENTS";"27";4;"../Data/vague_1_6/i-nov-palmar-s-vague-4-19078.pdf"
"United Visual Researchers";"SPAM";"NUMÉRIQUE DEEP TECH";"58";4;"../Data/vague_1_6/i-nov-palmar-s-vague-4-19078.pdf"
"VALAME";"VALAME";"ÉCONOMIE CIRCULAIRE";"20";4;"../Data/vague_1_6/i-nov-palmar-s-vague-4-19078.pdf"
"VIRTUALISURG";"SURGXPERT";"SANTÉ - CHIRURGIE DU FUTUR";"73";4;"../Data/vague_1_6/i-nov-palmar-s-vague-4-19078.pdf"
"VOGO";"IA5";"NUMÉRIQUE DEEP TECH";"59";4;"../Data/vague_1_6/i-nov-palmar-s-vague-4-19078.pdf"
"WeCo";"WeCol'eau";"TRANSITION ÉCOLOGIQUE APPLICATIONS JOP PARIS 2024";"37";4;"../Data/vague_1_6/i-nov-palmar-s-vague-4-19078.pdf"
"ZERO GACHIS";"EPSILON";"ALIMENTATION INTELLIGENTE";"77";4;"../Data/vague_1_6/i-nov-palmar-s-vague-4-19078.pdf"
"ACDO";"POPOTTE DUCK";"ALIMENTATION DURABLE POUR LA SANTÉ";"45";5;"../Data/vague_1_6/i-nov-palmar-s-vague-5-19075.pdf"
"Acticor Biotech";"STIFTH";"SANTÉ SITUATIONS D’URGENCES";"87";5;"../Data/vague_1_6/i-nov-palmar-s-vague-5-19075.pdf"
"Actility";"3I2S";"FRENCH FAB INDUSTRIE DU FUTUR";"60";5;"../Data/vague_1_6/i-nov-palmar-s-vague-5-19075.pdf"
"ADV PROPULSE";"Propulse HB";"TRANSPORT ET MOBILITÉ DURABLE";"32";5;"../Data/vague_1_6/i-nov-palmar-s-vague-5-19075.pdf"
"AKEO PLUS";"TRANSFORMERS";"FRENCH FAB INDUSTRIE DU FUTUR";"61";5;"../Data/vague_1_6/i-nov-palmar-s-vague-5-19075.pdf"
"Agriconnect";"Cclair";"INDUSTRIE ET AGRICULTURE ÉCO-EFFICIENTES";"22";5;"../Data/vague_1_6/i-nov-palmar-s-vague-5-19075.pdf"
"alphée développement";"HPTS150";"TRANSPORT ET MOBILITÉ DURABLE";"33";5;"../Data/vague_1_6/i-nov-palmar-s-vague-5-19075.pdf"
"AUREA TECHNOLOGY";"QUALIPSO";"NUMÉRIQUE DEEP TECH";"70";5;"../Data/vague_1_6/i-nov-palmar-s-vague-5-19075.pdf"
"Avicenna.ai";"CINA TBI";"SANTÉ SITUATIONS D’URGENCES";"88";5;"../Data/vague_1_6/i-nov-palmar-s-vague-5-19075.pdf"
"AX SYSTEM";"AX SOLAR ROBOT";"ENERGIES RENOUVELABLES, STOCKAGE ET SYSTÈMES ÉNERGÉTIQUES";"11";5;"../Data/vague_1_6/i-nov-palmar-s-vague-5-19075.pdf"
"BeeBryte";"ScalaBEE";"INDUSTRIE ET AGRICULTURE ÉCO-EFFICIENTES";"23";5;"../Data/vague_1_6/i-nov-palmar-s-vague-5-19075.pdf"
"BeFC";"SATURN";"ÉNERGIES RENOUVELABLES, STOCKAGE ET SYSTÈMES ÉNERGÉTIQUES";"12";5;"../Data/vague_1_6/i-nov-palmar-s-vague-5-19075.pdf"
"BIODIS SAS";"FRIEND";"ALIMENTATION DURABLE POUR LA SANTÉ";"46";5;"../Data/vague_1_6/i-nov-palmar-s-vague-5-19075.pdf"
"BIOINSPIR";"ECOCATALYSE";"INDUSTRIE ET AGRICULTURE ÉCO-EFFICIENTES";"24";5;"../Data/vague_1_6/i-nov-palmar-s-vague-5-19075.pdf"
"BioSCO";"OSCAR";"INDUSTRIE ET AGRICULTURE ÉCO-EFFICIENTES";"25";5;"../Data/vague_1_6/i-nov-palmar-s-vague-5-19075.pdf"
"Centiloc";"PARTITION";"FRENCH FAB INDUSTRIE DU FUTUR";"62";5;"../Data/vague_1_6/i-nov-palmar-s-vague-5-19075.pdf"
"COSMIAN TECH";"CRYPTO-4-CTI";"CYBERSÉCURITÉ";"53";5;"../Data/vague_1_6/i-nov-palmar-s-vague-5-19075.pdf"
"Crocosgodigital";"ADREC";"NUMÉRIQUE DEEP TECH";"71";5;"../Data/vague_1_6/i-nov-palmar-s-vague-5-19075.pdf"
"DAM GROUP";"CVM universel modulaire";"TRANSPORT ET MOBILITÉ DURABLE";"34";5;"../Data/vague_1_6/i-nov-palmar-s-vague-5-19075.pdf"
"DAWEX";"Dawex";"NUMÉRIQUE DEEP TECH";"72";5;"../Data/vague_1_6/i-nov-palmar-s-vague-5-19075.pdf"
"Deepomatic";"LOOP AI";"NUMÉRIQUE DEEP TECH";"73";5;"../Data/vague_1_6/i-nov-palmar-s-vague-5-19075.pdf"
"DEFACTO TECHNOLOGIES";"GALAXY";"NUMÉRIQUE DEEP TECH";"74";5;"../Data/vague_1_6/i-nov-palmar-s-vague-5-19075.pdf"
"DRY4GOOD";"R&D Indus";"ALIMENTATION DURABLE POUR LA SANTÉ";"47";5;"../Data/vague_1_6/i-nov-palmar-s-vague-5-19075.pdf"
"E-Mersiv";"HIT Battery";"ÉNERGIES RENOUVELABLES, STOCKAGE ET SYSTÈMES ÉNERGÉTIQUES";"13";5;"../Data/vague_1_6/i-nov-palmar-s-vague-5-19075.pdf"
"E-Scopics";"DEUS";"SANTÉ SITUATIONS D’URGENCES";"89";5;"../Data/vague_1_6/i-nov-palmar-s-vague-5-19075.pdf"
"Ecov";"ByTheWay";"TRANSPORT ET MOBILITÉ DURABLE";"35";5;"../Data/vague_1_6/i-nov-palmar-s-vague-5-19075.pdf"
"ELA Innovation";"SMILI";"FRENCH FAB INDUSTRIE DU FUTUR";"63";5;"../Data/vague_1_6/i-nov-palmar-s-vague-5-19075.pdf"
"Energiency";"AI4Factory";"INDUSTRIE ET AGRICULTURE ÉCO-EFFICIENTES";"26";5;"../Data/vague_1_6/i-nov-palmar-s-vague-5-19075.pdf"
"ENOVASENSE";"MELITA";"FRENCH FAB INDUSTRIE DU FUTUR";"64";5;"../Data/vague_1_6/i-nov-palmar-s-vague-5-19075.pdf"
"Eurevia";"UHMF";"TRANSPORT ET MOBILITÉ DURABLE";"36";5;"../Data/vague_1_6/i-nov-palmar-s-vague-5-19075.pdf"
"Everysens";"RAILSENS";"TRANSPORT ET MOBILITÉ DURABLE";"37";5;"../Data/vague_1_6/i-nov-palmar-s-vague-5-19075.pdf"
"FITTINGBOX";"FittingBox VISIO";"NUMÉRIQUE DEEP TECH";"75";5;"../Data/vague_1_6/i-nov-palmar-s-vague-5-19075.pdf"
"GATEWATCHER";"INSPECTRA";"CYBERSÉCURITÉ";"54";5;"../Data/vague_1_6/i-nov-palmar-s-vague-5-19075.pdf"
"GAUSSIN";"Logistic_H2";"TRANSPORT ET MOBILITÉ DURABLE";"38";5;"../Data/vague_1_6/i-nov-palmar-s-vague-5-19075.pdf"
"GITGUARDIAN";"SCI2P";"CYBERSÉCURITÉ";"55";5;"../Data/vague_1_6/i-nov-palmar-s-vague-5-19075.pdf"
"GRAPHEAL";"VIRALPASS";"SANTÉ SITUATIONS D’URGENCES";"90";5;"../Data/vague_1_6/i-nov-palmar-s-vague-5-19075.pdf"
"GREEN IMPULSE";"SENSITINES";"INDUSTRIE ET AGRICULTURE ÉCO-EFFICIENTES";"27";5;"../Data/vague_1_6/i-nov-palmar-s-vague-5-19075.pdf"
"GREENMOT";"GREEN-eBUS";"TRANSPORT ET MOBILITÉ DURABLE";"39";5;"../Data/vague_1_6/i-nov-palmar-s-vague-5-19075.pdf"
"Harfanglab";"EDR Harfanglab";"CYBERSÉCURITÉ";"56";5;"../Data/vague_1_6/i-nov-palmar-s-vague-5-19075.pdf"
"Hera-MI";"BreastInsightLinker";"NUMÉRIQUE DEEP TECH";"76";5;"../Data/vague_1_6/i-nov-palmar-s-vague-5-19075.pdf"
"Hevatech";"AMETIS";"ÉNERGIES RENOUVELABLES, STOCKAGE ET SYSTÈMES ÉNERGÉTIQUES";"14";5;"../Data/vague_1_6/i-nov-palmar-s-vague-5-19075.pdf"
"HYCCO";"Hydrogen Carbon Compo nents";"ÉNERGIES RENOUVELABLES, STOCKAGE ET SYSTÈMES ÉNERGÉTIQUES";"15";5;"../Data/vague_1_6/i-nov-palmar-s-vague-5-19075.pdf"
"IADYS";"Sea-net 3.0";"EAU ET BIODIVERSITÉ";"07";5;"../Data/vague_1_6/i-nov-palmar-s-vague-5-19075.pdf"
"IDMOG";"AI-AFC";"FRENCH FAB INDUSTRIE DU FUTUR";"65";5;"../Data/vague_1_6/i-nov-palmar-s-vague-5-19075.pdf"
"INTEGRATIVE PHENOMICS";"IMPACTs Obésité";"ALIMENTATION DURABLE POUR LA SANTÉ";"48";5;"../Data/vague_1_6/i-nov-palmar-s-vague-5-19075.pdf"
"ISYBOT";"COCI";"FRENCH FAB INDUSTRIE DU FUTUR";"66";5;"../Data/vague_1_6/i-nov-palmar-s-vague-5-19075.pdf"
"JPB SYSTEME";"KEYPROD";"FRENCH FAB INDUSTRIE DU FUTUR";"67";5;"../Data/vague_1_6/i-nov-palmar-s-vague-5-19075.pdf"
"Kemica coatings";"KECOR";"INDUSTRIE ET AGRICULTURE ÉCO-EFFICIENTES";"28";5;"../Data/vague_1_6/i-nov-palmar-s-vague-5-19075.pdf"
"LINAGORA";"Work@Home";"NUMÉRIQUE DEEP TECH";"77";5;"../Data/vague_1_6/i-nov-palmar-s-vague-5-19075.pdf"
"MILVUE";"ML-Emergency-Suite";"SANTÉ SITUATIONS D’URGENCES";"91";5;"../Data/vague_1_6/i-nov-palmar-s-vague-5-19075.pdf"
"MyMedicalAssistant";"iAudiogram";"NUMÉRIQUE DEEP TECH";"78";5;"../Data/vague_1_6/i-nov-palmar-s-vague-5-19075.pdf"
"Né d’une seule ferme";"Industrie Modulaire";"ALIMENTATION DURABLE POUR LA SANTÉ";"49";5;"../Data/vague_1_6/i-nov-palmar-s-vague-5-19075.pdf"
"Oasis Smart Sim Europe";"VELIOS";"NUMÉRIQUE DEEP TECH";"79";5;"../Data/vague_1_6/i-nov-palmar-s-vague-5-19075.pdf"
"OpenAirlines";"SkyBreathe for ATM";"TRANSPORT ET MOBILITÉ DURABLE";"40";5;"../Data/vague_1_6/i-nov-palmar-s-vague-5-19075.pdf"
"ORIXHA";"Vent2Cool";"SANTÉ SITUATIONS D’URGENCES";"92";5;"../Data/vague_1_6/i-nov-palmar-s-vague-5-19075.pdf"
"PLENESYS";"HyPlasma";"ÉNERGIES RENOUVELABLES, STOCKAGE ET SYSTÈMES ÉNERGÉTIQUES";"16";5;"../Data/vague_1_6/i-nov-palmar-s-vague-5-19075.pdf"
"PowerUp";"SKIPPER BOX";"ÉNERGIES RENOUVELABLES, STOCKAGE ET SYSTÈMES ÉNERGÉTIQUES";"18";5;"../Data/vague_1_6/i-nov-palmar-s-vague-5-19075.pdf"
"PROCSEA";"PROCSEA-HUB";"ALIMENTATION DURABLE POUR LA SANTÉ";"50";5;"../Data/vague_1_6/i-nov-palmar-s-vague-5-19075.pdf"
"QUCIT SAS Smartesting";"QUCIT COMFORT";"NUMÉRIQUE DEEP TECH";"80";5;"../Data/vague_1_6/i-nov-palmar-s-vague-5-19075.pdf"
"Redberry";"REDWATERS";"EAU ET BIODIVERSITÉ";"08";5;"../Data/vague_1_6/i-nov-palmar-s-vague-5-19075.pdf"
"RetroFleet";"RESET";"TRANSPORT ET MOBILITÉ DURABLE";"41";5;"../Data/vague_1_6/i-nov-palmar-s-vague-5-19075.pdf"
"Roseau Technologies";"RACCOFLEX-BT";"ÉNERGIES RENOUVELABLES, STOCKAGE ET SYSTÈMES ÉNERGÉTIQUES";"17";5;"../Data/vague_1_6/i-nov-palmar-s-vague-5-19075.pdf"
"Scortex";"DEEPCAD";"FRENCH FAB INDUSTRIE DU FUTUR";"68";5;"../Data/vague_1_6/i-nov-palmar-s-vague-5-19075.pdf"
"SEKOIA";"Intelligence Node";"CYBERSÉCURITÉ";"57";5;"../Data/vague_1_6/i-nov-palmar-s-vague-5-19075.pdf"
"SESAME IT";"LOKI ML";"CYBERSÉCURITÉ";"58";5;"../Data/vague_1_6/i-nov-palmar-s-vague-5-19075.pdf"
"Smartesting";"DeepQA";"NUMÉRIQUE DEEP TECH";"81";5;"../Data/vague_1_6/i-nov-palmar-s-vague-5-19075.pdf"
"SPACEABLE";"METEORA";"NUMÉRIQUE DEEP TECH";"82";5;"../Data/vague_1_6/i-nov-palmar-s-vague-5-19075.pdf"
"SpotLight";"GROOT";"NUMÉRIQUE DEEP TECH";"83";5;"../Data/vague_1_6/i-nov-palmar-s-vague-5-19075.pdf"
"Stockage plus";"LUMI";"TRANSPORT ET MOBILITÉ DURABLE";"42";5;"../Data/vague_1_6/i-nov-palmar-s-vague-5-19075.pdf"
"Tellux";"THSL 20-20";"EAU ET BIODIVERSITÉ";"09";5;"../Data/vague_1_6/i-nov-palmar-s-vague-5-19075.pdf"
"Telma";"HIB";"TRANSPORT ET MOBILITÉ DURABLE";"43";5;"../Data/vague_1_6/i-nov-palmar-s-vague-5-19075.pdf"
"TerraNIS";"AGREEO";"INDUSTRIE ET AGRICULTURE ÉCO-EFFICIENTES";"29";5;"../Data/vague_1_6/i-nov-palmar-s-vague-5-19075.pdf"
"toopi organics";"RECYCLUR";"INDUSTRIE ET AGRICULTURE ÉCO-EFFICIENTES";"30";5;"../Data/vague_1_6/i-nov-palmar-s-vague-5-19075.pdf"
"VALOREX";"MAIA";"ALIMENTATION DURABLE POUR LA SANTÉ";"51";5;"../Data/vague_1_6/i-nov-palmar-s-vague-5-19075.pdf"
"VeriQloud";"HyQloud";"NUMÉRIQUE DEEP TECH";"84";5;"../Data/vague_1_6/i-nov-palmar-s-vague-5-19075.pdf"
"VMPS CORPORATION";"MATHIA";"NUMÉRIQUE DEEP TECH";"85";5;"../Data/vague_1_6/i-nov-palmar-s-vague-5-19075.pdf"
"VSM S.A";"SIAM";"SANTÉ SITUATIONS D’URGENCES";"93";5;"../Data/vague_1_6/i-nov-palmar-s-vague-5-19075.pdf"
"Waga Energy";"WHIPE";"ÉNERGIES RENOUVELABLES, STOCKAGE ET SYSTÈMES ÉNERGÉTIQUES";"19";5;"../Data/vague_1_6/i-nov-palmar-s-vague-5-19075.pdf"
"Watt&Well";"UNCAGED";"ÉNERGIES RENOUVELABLES, STOCKAGE ET SYSTÈMES ÉNERGÉTIQUES";"20";5;"../Data/vague_1_6/i-nov-palmar-s-vague-5-19075.pdf"
"WOMED";"WOMED Hemostasis";"SANTÉ SITUATIONS D’URGENCES";"94";5;"../Data/vague_1_6/i-nov-palmar-s-vague-5-19075.pdf"
"Amiral Technologies";"P2_AI4";"NUMÉRIQUE DEEP TECH";"41";6;"../Data/vague_1_6/i-nov-palmar-s-vague-6-19072.pdf"
"ARSKAN";"MoVI3D";"NUMÉRIQUE DEEP TECH";"42";6;"../Data/vague_1_6/i-nov-palmar-s-vague-6-19072.pdf"
"Atawey";"MOBHYL";"HYDROGÈNE";"20";6;"../Data/vague_1_6/i-nov-palmar-s-vague-6-19072.pdf"
"AXIONABLE";"SWITCH";"ADAPTATION DES TERRITOIRES AU CHANGEMENT CLIMATIQUE ET MÉTROLOGIE DES EXPOSITIONS ENVIRONNEMENTALES";"7";6;"../Data/vague_1_6/i-nov-palmar-s-vague-6-19072.pdf"
"Batiprint3D";"RoBETICS";"PERFORMANCE ENVIRONNEMENTALE DES BÂTIMENTS";"25";6;"../Data/vague_1_6/i-nov-palmar-s-vague-6-19072.pdf"
"Be Energy";"REGEN PULSE";"ÉCONOMIE CIRCULAIRE";"14";6;"../Data/vague_1_6/i-nov-palmar-s-vague-6-19072.pdf"
"Blockchain Certified Dat";"VC BY BCDIPLOMA";"NUMÉRIQUE DEEP TECH";"43";6;"../Data/vague_1_6/i-nov-palmar-s-vague-6-19072.pdf"
"BrightLoop Converters";"H2DC2";"HYDROGÈNE";"21";6;"../Data/vague_1_6/i-nov-palmar-s-vague-6-19072.pdf"
"CES WORKS";"ARGO-CUBE";"ESPACE";"36";6;"../Data/vague_1_6/i-nov-palmar-s-vague-6-19072.pdf"
"CIRCOULEUR";"CADENCE";"ÉCONOMIE CIRCULAIRE";"15";6;"../Data/vague_1_6/i-nov-palmar-s-vague-6-19072.pdf"
"Combo solutions";"Filtr";"PERFORMANCE ENVIRONNEMENTALE DES BÂTIMENTS";"26";6;"../Data/vague_1_6/i-nov-palmar-s-vague-6-19072.pdf"
"CONSTRUCTION 3D";"CONSTRUCTION LEDGER";"PERFORMANCE ENVIRONNEMENTALE DES BÂTIMENTS";"27";6;"../Data/vague_1_6/i-nov-palmar-s-vague-6-19072.pdf"
"Corner";"SyMoNab";"PERFORMANCE ENVIRONNEMENTALE DES BÂTIMENTS";"28";6;"../Data/vague_1_6/i-nov-palmar-s-vague-6-19072.pdf"
"Data Science Experts SES";"AIperion";"ESPACE";"37";6;"../Data/vague_1_6/i-nov-palmar-s-vague-6-19072.pdf"
"EQUIUM";"ACDC";"PERFORMANCE ENVIRONNEMENTALE DES BÂTIMENTS";"29";6;"../Data/vague_1_6/i-nov-palmar-s-vague-6-19072.pdf"
"FERLAM TECHNOLOGIES";"BOURRELET COUPE FEU ECO CONCU";"ÉCONOMIE CIRCULAIRE";"16";6;"../Data/vague_1_6/i-nov-palmar-s-vague-6-19072.pdf"
"FLODIM";"Hy-Wise";"HYDROGÈNE";"22";6;"../Data/vague_1_6/i-nov-palmar-s-vague-6-19072.pdf"
"G-LYTE";"G+LYTE 2.0";"RÉDUCTION DE L’EMPREINTE ÉCOLOGIQUE DU NUMÉRIQUE";"57";6;"../Data/vague_1_6/i-nov-palmar-s-vague-6-19072.pdf"
"GEN-HY";"AME-LYSE";"HYDROGÈNE";"23";6;"../Data/vague_1_6/i-nov-palmar-s-vague-6-19072.pdf"
"HEWEL SAS";"ImVisio-DP";"NUMÉRIQUE DEEP TECH";"44";6;"../Data/vague_1_6/i-nov-palmar-s-vague-6-19072.pdf"
"HOMIWOO";"SCAN’IMMO";"NUMÉRIQUE DEEP TECH";"45";6;"../Data/vague_1_6/i-nov-palmar-s-vague-6-19072.pdf"
"INGESPACE";"ARTEMIS";"ESPACE";"38";6;"../Data/vague_1_6/i-nov-palmar-s-vague-6-19072.pdf"
"Inovadea";"SPEEED";"PERFORMANCE ENVIRONNEMENTALE DES BÂTIMENTS";"30";6;"../Data/vague_1_6/i-nov-palmar-s-vague-6-19072.pdf"
"ISAHIT";"ISAHIT-AI";"NUMÉRIQUE DEEP TECH";"46";6;"../Data/vague_1_6/i-nov-palmar-s-vague-6-19072.pdf"
"Kimialys";"O2DIAG";"SANTÉ - SANTÉ MENTALE ET DIAGNOSTICS RAPIDES ET NOMADES";"60";6;"../Data/vague_1_6/i-nov-palmar-s-vague-6-19072.pdf"
"LEANSPACE";"Leanspace-PaaS";"ESPACE";"39";6;"../Data/vague_1_6/i-nov-palmar-s-vague-6-19072.pdf"
"Lumedix";"Ramones";"SANTÉ - SANTÉ MENTALE ET DIAGNOSTICS RAPIDES ET NOMADES";"61";6;"../Data/vague_1_6/i-nov-palmar-s-vague-6-19072.pdf"
"METAVERSE TECHNOLOGIES France";"PULSE 3D";"NUMÉRIQUE DEEP TECH";"47";6;"../Data/vague_1_6/i-nov-palmar-s-vague-6-19072.pdf"
"MillionRoads";"HumanRoads";"NUMÉRIQUE DEEP TECH";"48";6;"../Data/vague_1_6/i-nov-palmar-s-vague-6-19072.pdf"
"MY TRAFFIC";"MTFV";"NUMÉRIQUE DEEP TECH";"49";6;"../Data/vague_1_6/i-nov-palmar-s-vague-6-19072.pdf"
"NEOVYA Mobilité";"HUBSIM";"ADAPTATION DES TERRITOIRES AU CHANGEMENT CLIMATIQUE ET MÉTROLOGIE DES EXPOSITIONS ENVIRONNEMENTALES";"8";6;"../Data/vague_1_6/i-nov-palmar-s-vague-6-19072.pdf"
"Nimesis Technology";"DEWS";"ADAPTATION DES TERRITOIRES AU CHANGEMENT CLIMATIQUE ET MÉTROLOGIE DES EXPOSITIONS ENVIRONNEMENTALES";"9";6;"../Data/vague_1_6/i-nov-palmar-s-vague-6-19072.pdf"
"OCEAN Dx";"OCEANuniversel";"SANTÉ - SANTÉ MENTALE ET DIAGNOSTICS RAPIDES ET NOMADES";"64";6;"../Data/vague_1_6/i-nov-palmar-s-vague-6-19072.pdf"
"PROOV STATION";"SMART INSPECTOR 2.0";"NUMÉRIQUE DEEP TECH";"50";6;"../Data/vague_1_6/i-nov-palmar-s-vague-6-19072.pdf"
"PROPHESEE";"NISP";"NUMÉRIQUE DEEP TECH";"51";6;"../Data/vague_1_6/i-nov-palmar-s-vague-6-19072.pdf"
"QUANDELA";"ROQC";"NUMÉRIQUE DEEP TECH";"52";6;"../Data/vague_1_6/i-nov-palmar-s-vague-6-19072.pdf"
"SDS logistique";"Stock central";"ÉCONOMIE CIRCULAIRE";"17";6;"../Data/vague_1_6/i-nov-palmar-s-vague-6-19072.pdf"
"Sêmeia";"APPRenD2";"SANTÉ - SANTÉ MENTALE ET DIAGNOSTICS RAPIDES ET NOMADES";"62";6;"../Data/vague_1_6/i-nov-palmar-s-vague-6-19072.pdf"
"SESTERCE";"FPGA4BC Xchip";"NUMÉRIQUE DEEP TECH";"53";6;"../Data/vague_1_6/i-nov-palmar-s-vague-6-19072.pdf"
"SMARTCATCH";"SMART-DETECT";"SANTÉ - SANTÉ MENTALE ET DIAGNOSTICS RAPIDES ET NOMADES";"63";6;"../Data/vague_1_6/i-nov-palmar-s-vague-6-19072.pdf"
"Sublime Energie";"Charlie";"ÉCONOMIE CIRCULAIRE";"18";6;"../Data/vague_1_6/i-nov-palmar-s-vague-6-19072.pdf"
"Telaqua";"Irrigeasy";"ADAPTATION DES TERRITOIRES AU CHANGEMENT CLIMATIQUE ET MÉTROLOGIE DES EXPOSITIONS ENVIRONNEMENTALES";"10";6;"../Data/vague_1_6/i-nov-palmar-s-vague-6-19072.pdf"
"Terria";"Terria";"PERFORMANCE ENVIRONNEMENTALE DES BÂTIMENTS";"31";6;"../Data/vague_1_6/i-nov-palmar-s-vague-6-19072.pdf"
"THE AI INSTITUTE";"ABCode-IA";"NUMÉRIQUE DEEP TECH";"54";6;"../Data/vague_1_6/i-nov-palmar-s-vague-6-19072.pdf"
"UNEOLE";"PlateformENRS";"PERFORMANCE ENVIRONNEMENTALE DES BÂTIMENTS";"32";6;"../Data/vague_1_6/i-nov-palmar-s-vague-6-19072.pdf"
"VERDIKT";"VERDIKT";"RÉDUCTION DE L’EMPREINTE ÉCOLOGIQUE DU NUMÉRIQUE";"58";6;"../Data/vague_1_6/i-nov-palmar-s-vague-6-19072.pdf"
"Vesta Construction Technolog";"COMBO";"PERFORMANCE ENVIRONNEMENTALE DES BÂTIMENTS";"33";6;"../Data/vague_1_6/i-nov-palmar-s-vague-6-19072.pdf"
"Visionairy";"Visionairy Software";"NUMÉRIQUE DEEP TECH";"55";6;"../Data/vague_1_6/i-nov-palmar-s-vague-6-19072.pdf"
"vorteX.io";"Hydrolink";"ADAPTATION DES TERRITOIRES AU CHANGEMENT CLIMATIQUE ET MÉTROLOGIE DES EXPOSITIONS ENVIRONNEMENTALES";"11";6;"../Data/vague_1_6/i-nov-palmar-s-vague-6-19072.pdf"
"wever";"Moby Changer";"ADAPTATION DES TERRITOIRES AU CHANGEMENT CLIMATIQUE ET MÉTROLOGIE DES EXPOSITIONS ENVIRONNEMENTALES";"12";6;"../Data/vague_1_6/i-nov-palmar-s-vague-6-19072.pdf"
"WOODOO";"ALCHIMIE";"PERFORMANCE ENVIRONNEMENTALE DES BÂTIMENTS";"34";6;"../Data/vague_1_6/i-nov-palmar-s-vague-6-19072.pdf"
"Nxo engineering";"VOLTA";"EAU ET BIODIVERSITÉ";"18";7;"../Data/vague_7_10/i-nov-palmar-s-vague-7-19066.pdf"
"O2D Environnement";"ESUVIA";"EAU ET BIODIVERSITÉ";"16";7;"../Data/vague_7_10/i-nov-palmar-s-vague-7-19066.pdf"
"Purecontrol";"PureSTEP";"EAU ET BIODIVERSITÉ";"17";7;"../Data/vague_7_10/i-nov-palmar-s-vague-7-19066.pdf"
"Apix analytics";"MADRID";"ENERGIES RENOUVELABLES, STOCKAGE ET SYSTÈMES ÉNERGÉTIQUES DONT HYDROGÈNE";"22";7;"../Data/vague_7_10/i-nov-palmar-s-vague-7-19066.pdf"
"GREENOV-ITES";"SEALENCE";"ENERGIES RENOUVELABLES, STOCKAGE ET SYSTÈMES ÉNERGÉTIQUES DONT HYDROGÈNE";"23";7;"../Data/vague_7_10/i-nov-palmar-s-vague-7-19066.pdf"
"Newheat";"THERMODEEP";"ENERGIES RENOUVELABLES, STOCKAGE ET SYSTÈMES ÉNERGÉTIQUES DONT HYDROGÈNE";"24";7;"../Data/vague_7_10/i-nov-palmar-s-vague-7-19066.pdf"
"Ze energy";"ZENIT";"ENERGIES RENOUVELABLES, STOCKAGE ET SYSTÈMES ÉNERGÉTIQUES DONT HYDROGÈNE";"25";7;"../Data/vague_7_10/i-nov-palmar-s-vague-7-19066.pdf"
"Fairbrics SAS";"Airwear";"ENJEUX DE LA TRANSITION ÉCOLOGIQUE DANS L’INDUSTRIE ET L’AGRICULTURE";"28";7;"../Data/vague_7_10/i-nov-palmar-s-vague-7-19066.pdf"
"farm3";"FarmTree";"ENJEUX DE LA TRANSITION ÉCOLOGIQUE DANS L’INDUSTRIE ET L’AGRICULTURE";"31";7;"../Data/vague_7_10/i-nov-palmar-s-vague-7-19066.pdf"
"Micropep technologies";"BIO-SAFE";"ENJEUX DE LA TRANSITION ÉCOLOGIQUE DANS L’INDUSTRIE ET L’AGRICULTURE";"29";7;"../Data/vague_7_10/i-nov-palmar-s-vague-7-19066.pdf"
"MYCOPHYTO";"MycoAgri";"ENJEUX DE LA TRANSITION ÉCOLOGIQUE DANS L’INDUSTRIE ET L’AGRICULTURE";"32";7;"../Data/vague_7_10/i-nov-palmar-s-vague-7-19066.pdf"
"SOLICAZ";"ECOBIOSTIM";"ENJEUX DE LA TRANSITION ÉCOLOGIQUE DANS L’INDUSTRIE ET L’AGRICULTURE";"30";7;"../Data/vague_7_10/i-nov-palmar-s-vague-7-19066.pdf"
"SYLVABOT";"NEOFARM";"ENJEUX DE LA TRANSITION ÉCOLOGIQUE DANS L’INDUSTRIE ET L’AGRICULTURE";"33";7;"../Data/vague_7_10/i-nov-palmar-s-vague-7-19066.pdf"
"Gene&Green TK";"ZYCOPHYTO";"ENJEUX DE LA TRANSITION ÉCOLOGIQUE DANS L’INDUSTRIE ET L’AGRICULTURE";"32";7;"../Data/vague_7_10/i-nov-palmar-s-vague-7-19066.pdf"
"Ways";"Séchage au CO2";"ENJEUX DE LA TRANSITION ÉCOLOGIQUE DANS L’INDUSTRIE ET L’AGRICULTURE";"34";7;"../Data/vague_7_10/i-nov-palmar-s-vague-7-19066.pdf"
"Advanced Aerodynamic Vessels";"eShuttle";"MOBILITÉ DURABLE ET INTELLIGENTE";"39";7;"../Data/vague_7_10/i-nov-palmar-s-vague-7-19066.pdf"
"ME Concept SAS";"IEMFUM";"MOBILITÉ DURABLE ET INTELLIGENTE";"42";7;"../Data/vague_7_10/i-nov-palmar-s-vague-7-19066.pdf"
"DIGIMOBEE";"mobeeMAAS";"MOBILITÉ DURABLE ET INTELLIGENTE";"44";7;"../Data/vague_7_10/i-nov-palmar-s-vague-7-19066.pdf"
"Finx";"FinX Motor 2021";"MOBILITÉ DURABLE ET INTELLIGENTE";"41";7;"../Data/vague_7_10/i-nov-palmar-s-vague-7-19066.pdf"
"France Autopartage";"SYNAPS 2";"MOBILITÉ DURABLE ET INTELLIGENTE";"49";7;"../Data/vague_7_10/i-nov-palmar-s-vague-7-19066.pdf"
"HY GENERATION";"RIM30";"MOBILITÉ DURABLE ET INTELLIGENTE";"48";7;"../Data/vague_7_10/i-nov-palmar-s-vague-7-19066.pdf"
"ITinSell";"NEXT";"MOBILITÉ DURABLE ET INTELLIGENTE";"47";7;"../Data/vague_7_10/i-nov-palmar-s-vague-7-19066.pdf"
"K-Ryol";"K-Ryole Transpalette";"MOBILITÉ DURABLE ET INTELLIGENTE";"43";7;"../Data/vague_7_10/i-nov-palmar-s-vague-7-19066.pdf"
"MOB ENERGY";"EVE";"MOBILITÉ DURABLE ET INTELLIGENTE";"40";7;"../Data/vague_7_10/i-nov-palmar-s-vague-7-19066.pdf"
"NEOTRUCKS";"NEOTRUCKS";"MOBILITÉ DURABLE ET INTELLIGENTE";"46";7;"../Data/vague_7_10/i-nov-palmar-s-vague-7-19066.pdf"
"OCEAN DEVELOPPEMENT";"MODX";"MOBILITÉ DURABLE ET INTELLIGENTE";"45";7;"../Data/vague_7_10/i-nov-palmar-s-vague-7-19066.pdf"
"TaxyMatch";"TaxyMatch";"MOBILITÉ DURABLE ET INTELLIGENTE";"50";7;"../Data/vague_7_10/i-nov-palmar-s-vague-7-19066.pdf"
"Vianova";"CurbManager";"MOBILITÉ DURABLE ET INTELLIGENTE";"38";7;"../Data/vague_7_10/i-nov-palmar-s-vague-7-19066.pdf"
"ADYOULIKE";"HYPE";"NUMÉRIQUE DEEP TECH";"66";7;"../Data/vague_7_10/i-nov-palmar-s-vague-7-19066.pdf"
"AItenders";"Aicontracts";"NUMÉRIQUE DEEP TECH";"54";7;"../Data/vague_7_10/i-nov-palmar-s-vague-7-19066.pdf"
"AnthroPi";"ANTHROSCOPI";"NUMÉRIQUE DEEP TECH";"56";7;"../Data/vague_7_10/i-nov-palmar-s-vague-7-19066.pdf"
"Audensiel healthcare";"AIDRUG";"NUMÉRIQUE DEEP TECH";"55";7;"../Data/vague_7_10/i-nov-palmar-s-vague-7-19066.pdf"
"Avatar medical";"AVATAR4 Medtech";"NUMÉRIQUE DEEP TECH";"58";7;"../Data/vague_7_10/i-nov-palmar-s-vague-7-19066.pdf"
"CryptoNext";"B-TRUST";"NUMÉRIQUE DEEP TECH";"60";7;"../Data/vague_7_10/i-nov-palmar-s-vague-7-19066.pdf"
"DEMBoost";"DEMVIRTUAL";"NUMÉRIQUE DEEP TECH";"63";7;"../Data/vague_7_10/i-nov-palmar-s-vague-7-19066.pdf"
"Dreamquark";"IACSF-2021";"NUMÉRIQUE DEEP TECH";"67";7;"../Data/vague_7_10/i-nov-palmar-s-vague-7-19066.pdf"
"HOOMANO";"INTERACT";"NUMÉRIQUE DEEP TECH";"68";7;"../Data/vague_7_10/i-nov-palmar-s-vague-7-19066.pdf"
"INIT ML";"Clip-Drop";"NUMÉRIQUE DEEP TECH";"61";7;"../Data/vague_7_10/i-nov-palmar-s-vague-7-19066.pdf"
"KAIKO";"DeFi Market Data Infrastructure";"NUMÉRIQUE DEEP TECH";"62";7;"../Data/vague_7_10/i-nov-palmar-s-vague-7-19066.pdf"
"Left Angle";"Artisan";"NUMÉRIQUE DEEP TECH";"57";7;"../Data/vague_7_10/i-nov-palmar-s-vague-7-19066.pdf"
"Luos Robotics";"MOONRISE";"NUMÉRIQUE DEEP TECH";"70";7;"../Data/vague_7_10/i-nov-palmar-s-vague-7-19066.pdf"
"OCCIDEV";"Ticketless_I-NOV";"NUMÉRIQUE DEEP TECH";"75";7;"../Data/vague_7_10/i-nov-palmar-s-vague-7-19066.pdf"
"Qubit Pharmaceuticals";"QUMED";"NUMÉRIQUE DEEP TECH";"71";7;"../Data/vague_7_10/i-nov-palmar-s-vague-7-19066.pdf"
"Seamless Waves";"ECOCOM-5G";"NUMÉRIQUE DEEP TECH";"64";7;"../Data/vague_7_10/i-nov-palmar-s-vague-7-19066.pdf"
"SCIBIDS TECHNOLOGY";"SCIBAPP";"NUMÉRIQUE DEEP TECH";"72";7;"../Data/vague_7_10/i-nov-palmar-s-vague-7-19066.pdf"
"SIKIWIS";"U-AI";"NUMÉRIQUE DEEP TECH";"76";7;"../Data/vague_7_10/i-nov-palmar-s-vague-7-19066.pdf"
"SUB C MARINE";"SLAM Visio-A";"NUMÉRIQUE DEEP TECH";"73";7;"../Data/vague_7_10/i-nov-palmar-s-vague-7-19066.pdf"
"Synapse Développement";"BOT CYCLE";"NUMÉRIQUE DEEP TECH";"59";7;"../Data/vague_7_10/i-nov-palmar-s-vague-7-19066.pdf"
"UWINLOC";"MAGYC";"NUMÉRIQUE DEEP TECH";"69";7;"../Data/vague_7_10/i-nov-palmar-s-vague-7-19066.pdf"
"Wise-integration";"GanSquare";"NUMÉRIQUE DEEP TECH";"65";7;"../Data/vague_7_10/i-nov-palmar-s-vague-7-19066.pdf"
"Yole Developpement";"Yole Market & Technology Learning";"NUMÉRIQUE DEEP TECH";"77";7;"../Data/vague_7_10/i-nov-palmar-s-vague-7-19066.pdf"
"Zaion";"SMART COACHING";"NUMÉRIQUE DEEP TECH";"74";7;"../Data/vague_7_10/i-nov-palmar-s-vague-7-19066.pdf"
"Algama";"TAMALGA";"PROTÉINES ET FERMENTS DU FUTUR";"84";7;"../Data/vague_7_10/i-nov-palmar-s-vague-7-19066.pdf"
"INNOVAFEED";"BSFOOD";"PROTÉINES ET FERMENTS DU FUTUR";"81";7;"../Data/vague_7_10/i-nov-palmar-s-vague-7-19066.pdf"
"PROBAGE";"Bioprox healthcare";"PROTÉINES ET FERMENTS DU FUTUR";"82";7;"../Data/vague_7_10/i-nov-palmar-s-vague-7-19066.pdf"
"PROTERA";"BAGEL";"PROTÉINES ET FERMENTS DU FUTUR";"80";7;"../Data/vague_7_10/i-nov-palmar-s-vague-7-19066.pdf"
"Umiami";"UCB";"PROTÉINES ET FERMENTS DU FUTUR";"84";7;"../Data/vague_7_10/i-nov-palmar-s-vague-7-19066.pdf"
"Advanced biodesign";"ALDESCREEN";"SANTÉ - DIAGNOSTIC, DÉPISTAGE ET SURVEILLANCE DES PATHOLOGIES";"88";7;"../Data/vague_7_10/i-nov-palmar-s-vague-7-19066.pdf"
"AgenT";"AlzDiag";"SANTÉ - DIAGNOSTIC, DÉPISTAGE ET SURVEILLANCE DES PATHOLOGIES";"89";7;"../Data/vague_7_10/i-nov-palmar-s-vague-7-19066.pdf"
"C4Diagnostics";"C4UTI";"SANTÉ - DIAGNOSTIC, DÉPISTAGE ET SURVEILLANCE DES PATHOLOGIES";"91";7;"../Data/vague_7_10/i-nov-palmar-s-vague-7-19066.pdf"
"Cardiorenal";"HOMERIC";"SANTÉ - DIAGNOSTIC, DÉPISTAGE ET SURVEILLANCE DES PATHOLOGIES";"93";7;"../Data/vague_7_10/i-nov-palmar-s-vague-7-19066.pdf"
"Diabeloop";"APP4PEN";"SANTÉ - DIAGNOSTIC, DÉPISTAGE ET SURVEILLANCE DES PATHOLOGIES";"90";7;"../Data/vague_7_10/i-nov-palmar-s-vague-7-19066.pdf"
"Keen eye technologies";"DIAG PDL1";"SANTÉ - DIAGNOSTIC, DÉPISTAGE ET SURVEILLANCE DES PATHOLOGIES";"92";7;"../Data/vague_7_10/i-nov-palmar-s-vague-7-19066.pdf"
"Neurallys";"NanoICP";"SANTÉ - DIAGNOSTIC, DÉPISTAGE ET SURVEILLANCE DES PATHOLOGIES";"94";7;"../Data/vague_7_10/i-nov-palmar-s-vague-7-19066.pdf"
"Oncodiag";"Prostadiag";"SANTÉ - DIAGNOSTIC, DÉPISTAGE ET SURVEILLANCE DES PATHOLOGIES";"97";7;"../Data/vague_7_10/i-nov-palmar-s-vague-7-19066.pdf"
"Primaa";"NEO";"SANTÉ - DIAGNOSTIC, DÉPISTAGE ET SURVEILLANCE DES PATHOLOGIES";"95";7;"../Data/vague_7_10/i-nov-palmar-s-vague-7-19066.pdf"
"Vetophage";"PHAGBAC";"SANTÉ - DIAGNOSTIC, DÉPISTAGE ET SURVEILLANCE DES PATHOLOGIES";"96";7;"../Data/vague_7_10/i-nov-palmar-s-vague-7-19066.pdf"
"Emissive";"Exponential";"TRANSFORMER LES INDUSTRIES CULTURELLES ET CRÉATIVES GRÂCE AU NUMÉRIQUE";"102";7;"../Data/vague_7_10/i-nov-palmar-s-vague-7-19066.pdf"
"Mazedia";"CLASSROOM VISIT";"TRANSFORMER LES INDUSTRIES CULTURELLES ET CRÉATIVES GRÂCE AU NUMÉRIQUE";"100";7;"../Data/vague_7_10/i-nov-palmar-s-vague-7-19066.pdf"
"MovieChainer";"MCH Connect";"TRANSFORMER LES INDUSTRIES CULTURELLES ET CRÉATIVES GRÂCE AU NUMÉRIQUE";"103";7;"../Data/vague_7_10/i-nov-palmar-s-vague-7-19066.pdf"
"POPS France";"POPS";"TRANSFORMER LES INDUSTRIES CULTURELLES ET CRÉATIVES GRÂCE AU NUMÉRIQUE";"104";7;"../Data/vague_7_10/i-nov-palmar-s-vague-7-19066.pdf"
"WiZama";"DCART";"TRANSFORMER LES INDUSTRIES CULTURELLES ET CRÉATIVES GRÂCE AU NUMÉRIQUE";"101";7;"../Data/vague_7_10/i-nov-palmar-s-vague-7-19066.pdf"
"World Game";"THANOS";"TRANSFORMER LES INDUSTRIES CULTURELLES ET CRÉATIVES GRÂCE AU NUMÉRIQUE";"105";7;"../Data/vague_7_10/i-nov-palmar-s-vague-7-19066.pdf"
"Cap 2020";"eSAM-BIO";"ADAPTATION DE L’AGRICULTURE AU CHANGEMENT CLIMATIQUE ET GESTION DES ALÉAS";"28";8;"../Data/vague_7_10/i-nov-palmar-s-vague-8-19069.pdf"
"Climate Smart AgriTool";"Elzeard";"ADAPTATION DE L’AGRICULTURE AU CHANGEMENT CLIMATIQUE ET GESTION DES ALÉAS";"26";8;"../Data/vague_7_10/i-nov-palmar-s-vague-8-19069.pdf"
"GEOSYS";"EASY4Ag";"ADAPTATION DE L’AGRICULTURE AU CHANGEMENT CLIMATIQUE ET GESTION DES ALÉAS";"27";8;"../Data/vague_7_10/i-nov-palmar-s-vague-8-19069.pdf"
"KERMAP";"TIMECROP";"ADAPTATION DE L’AGRICULTURE AU CHANGEMENT CLIMATIQUE ET GESTION DES ALÉAS";"29";8;"../Data/vague_7_10/i-nov-palmar-s-vague-8-19069.pdf"
"aQuasys";"Smart Water Grid V2";"ADAPTATION DES TERRITOIRES AU CHANGEMENT CLIMATIQUE ATTÉNUATION DE SES EFFETS, PRÉVENTION DES RISQUES ET MÉTROLOGIE DES EXPOSITIONS ENVIRONNEMENTALES";"33";8;"../Data/vague_7_10/i-nov-palmar-s-vague-8-19069.pdf"
"FEBUS Optics";"SeaGuard";"ADAPTATION DES TERRITOIRES AU CHANGEMENT CLIMATIQUE ATTÉNUATION DE SES EFFETS, PRÉVENTION DES RISQUES ET MÉTROLOGIE DES EXPOSITIONS ENVIRONNEMENTALES";"32";8;"../Data/vague_7_10/i-nov-palmar-s-vague-8-19069.pdf"
"Buildrz";"IMPACT";"PERFORMANCE ENVIRONNEMENTALE ET ÉNERGÉTIQUE DES BÂTIMENTS";"39";8;"../Data/vague_7_10/i-nov-palmar-s-vague-8-19069.pdf"
"CMDL";"COMMI BOT2";"PERFORMANCE ENVIRONNEMENTALE ET ÉNERGÉTIQUE DES BÂTIMENTS";"36";8;"../Data/vague_7_10/i-nov-palmar-s-vague-8-19069.pdf"
"Geosophy";"EuroSophy";"PERFORMANCE ENVIRONNEMENTALE ET ÉNERGÉTIQUE DES BÂTIMENTS";"37";8;"../Data/vague_7_10/i-nov-palmar-s-vague-8-19069.pdf"
"KOCLIKO";"ROCC";"PERFORMANCE ENVIRONNEMENTALE ET ÉNERGÉTIQUE DES BÂTIMENTS";"41";8;"../Data/vague_7_10/i-nov-palmar-s-vague-8-19069.pdf"
"MUANCE";"HINABI";"PERFORMANCE ENVIRONNEMENTALE ET ÉNERGÉTIQUE DES BÂTIMENTS";"38";8;"../Data/vague_7_10/i-nov-palmar-s-vague-8-19069.pdf"
"Pando2";"Pando2 EnAirgy";"PERFORMANCE ENVIRONNEMENTALE ET ÉNERGÉTIQUE DES BÂTIMENTS";"40";8;"../Data/vague_7_10/i-nov-palmar-s-vague-8-19069.pdf"
"SAS SPINALCOM";"SpinalTwin Analytics";"PERFORMANCE ENVIRONNEMENTALE ET ÉNERGÉTIQUE DES BÂTIMENTS";"42";8;"../Data/vague_7_10/i-nov-palmar-s-vague-8-19069.pdf"
"SAS WONDERWOMALT";"Maltivor";"ÉCONOMIE CIRCULAIRE (Y COMPRIS RECYCLAGE DES MÉTAUX CRITIQUES)";"47";8;"../Data/vague_7_10/i-nov-palmar-s-vague-8-19069.pdf"
"UPCYCLEA SAS";"ARCH+";"ÉCONOMIE CIRCULAIRE (Y COMPRIS RECYCLAGE DES MÉTAUX CRITIQUES)";"46";8;"../Data/vague_7_10/i-nov-palmar-s-vague-8-19069.pdf"
"BHEALTHCARE";"HEIVA Lab";"SANTÉ - DISPOSITIFS MÉDICAUX INNOVANTS";"54";8;"../Data/vague_7_10/i-nov-palmar-s-vague-8-19069.pdf"
"Cardiawave";"NIUT";"SANTÉ - DISPOSITIFS MÉDICAUX INNOVANTS";"57";8;"../Data/vague_7_10/i-nov-palmar-s-vague-8-19069.pdf"
"FIBERMETRIX";"IVIRA";"SANTÉ - DISPOSITIFS MÉDICAUX INNOVANTS";"55";8;"../Data/vague_7_10/i-nov-palmar-s-vague-8-19069.pdf"
"FLUOPTICS";"FLUOCARE";"SANTÉ - DISPOSITIFS MÉDICAUX INNOVANTS";"51";8;"../Data/vague_7_10/i-nov-palmar-s-vague-8-19069.pdf"
"HINLAB";"COPERNIC-DMI";"SANTÉ - DISPOSITIFS MÉDICAUX INNOVANTS";"50";8;"../Data/vague_7_10/i-nov-palmar-s-vague-8-19069.pdf"
"Hirondelle médicale";"GVPI";"SANTÉ - DISPOSITIFS MÉDICAUX INNOVANTS";"53";8;"../Data/vague_7_10/i-nov-palmar-s-vague-8-19069.pdf"
"Japet Medical";"JAPET.C";"SANTÉ - DISPOSITIFS MÉDICAUX INNOVANTS";"56";8;"../Data/vague_7_10/i-nov-palmar-s-vague-8-19069.pdf"
"Laclarée";"PERCEIVE";"SANTÉ - DISPOSITIFS MÉDICAUX INNOVANTS";"58";8;"../Data/vague_7_10/i-nov-palmar-s-vague-8-19069.pdf"
"MinMaxMedical";"GESTURE";"SANTÉ - DISPOSITIFS MÉDICAUX INNOVANTS";"52";8;"../Data/vague_7_10/i-nov-palmar-s-vague-8-19069.pdf"
"GREENMETRICS";"SEDENE";"RÉDUCTION DE L'EMPREINTE ENVIRONNEMENTALE";"62";8;"../Data/vague_7_10/i-nov-palmar-s-vague-8-19069.pdf"
"Actronika";"Ryzm";"NUMÉRIQUE DEEP TECH";"71";8;"../Data/vague_7_10/i-nov-palmar-s-vague-8-19069.pdf"
"Arkhn";"Structure";"NUMÉRIQUE DEEP TECH";"72";8;"../Data/vague_7_10/i-nov-palmar-s-vague-8-19069.pdf"
"EYELIGHTS";"EyeGlass";"NUMÉRIQUE DEEP TECH";"66";8;"../Data/vague_7_10/i-nov-palmar-s-vague-8-19069.pdf"
"Golem.ai (IDEQUANET)";"Golem.ai";"NUMÉRIQUE DEEP TECH";"68";8;"../Data/vague_7_10/i-nov-palmar-s-vague-8-19069.pdf"
"Heex Technologies";"InsightX";"NUMÉRIQUE DEEP TECH";"69";8;"../Data/vague_7_10/i-nov-palmar-s-vague-8-19069.pdf"
"LOGIROAD";"AI4ROAD";"NUMÉRIQUE DEEP TECH";"70";8;"../Data/vague_7_10/i-nov-palmar-s-vague-8-19069.pdf"
"Octopize";"AVAT@RS";"NUMÉRIQUE DEEP TECH";"74";8;"../Data/vague_7_10/i-nov-palmar-s-vague-8-19069.pdf"
"PANDASCORE";"ESPRIT (E-Sport PRobabilITy builder)";"NUMÉRIQUE DEEP TECH";"67";8;"../Data/vague_7_10/i-nov-palmar-s-vague-8-19069.pdf"
"TWICE.AI";"UXVIZER";"NUMÉRIQUE DEEP TECH";"73";8;"../Data/vague_7_10/i-nov-palmar-s-vague-8-19069.pdf"
"Atelier Daruma";"LFT (Large Field Theater)";"ADAPTATION DES TERRITOIRES AU CHANGEMENT CLIMATIQUE ATTÉNUATION DE SES EFFETS, PRÉVENTION DES RISQUES ET MÉTROLOGIE DES EXPOSITIONS ENVIRONNEMENTALES";"84";8;"../Data/vague_7_10/i-nov-palmar-s-vague-8-19069.pdf"
"DAREWISE ENTERTAINMENT";"WWD (WiseWorld)";"ADAPTATION DES TERRITOIRES AU CHANGEMENT CLIMATIQUE ATTÉNUATION DE SES EFFETS, PRÉVENTION DES RISQUES ET MÉTROLOGIE DES EXPOSITIONS ENVIRONNEMENTALES";"91";8;"../Data/vague_7_10/i-nov-palmar-s-vague-8-19069.pdf"
"Dark Matters Solutions";"DMS Studio";"ADAPTATION DES TERRITOIRES AU CHANGEMENT CLIMATIQUE ATTÉNUATION DE SES EFFETS, PRÉVENTION DES RISQUES ET MÉTROLOGIE DES EXPOSITIONS ENVIRONNEMENTALES";"81";8;"../Data/vague_7_10/i-nov-palmar-s-vague-8-19069.pdf"
"GAIAR";"DCNS";"ADAPTATION DES TERRITOIRES AU CHANGEMENT CLIMATIQUE ATTÉNUATION DE SES EFFETS, PRÉVENTION DES RISQUES ET MÉTROLOGIE DES EXPOSITIONS ENVIRONNEMENTALES";"80";8;"../Data/vague_7_10/i-nov-palmar-s-vague-8-19069.pdf"
"Heuritech";"SHI&FT STUDIO";"ADAPTATION DES TERRITOIRES AU CHANGEMENT CLIMATIQUE ATTÉNUATION DE SES EFFETS, PRÉVENTION DES RISQUES ET MÉTROLOGIE DES EXPOSITIONS ENVIRONNEMENTALES";"87";8;"../Data/vague_7_10/i-nov-palmar-s-vague-8-19069.pdf"
"Infinite Square";"inwink";"ADAPTATION DES TERRITOIRES AU CHANGEMENT CLIMATIQUE ATTÉNUATION DE SES EFFETS, PRÉVENTION DES RISQUES ET MÉTROLOGIE DES EXPOSITIONS ENVIRONNEMENTALES";"83";8;"../Data/vague_7_10/i-nov-palmar-s-vague-8-19069.pdf"
"INTENSCITY";"INTENSCITY";"ADAPTATION DES TERRITOIRES AU CHANGEMENT CLIMATIQUE ATTÉNUATION DE SES EFFETS, PRÉVENTION DES RISQUES ET MÉTROLOGIE DES EXPOSITIONS ENVIRONNEMENTALES";"82";8;"../Data/vague_7_10/i-nov-palmar-s-vague-8-19069.pdf"
"La Vingt-Cinquième Heure Distribution";"25e Heure";"ADAPTATION DES TERRITOIRES AU CHANGEMENT CLIMATIQUE ATTÉNUATION DE SES EFFETS, PRÉVENTION DES RISQUES ET MÉTROLOGIE DES EXPOSITIONS ENVIRONNEMENTALES";"78";8;"../Data/vague_7_10/i-nov-palmar-s-vague-8-19069.pdf"
"PICTIA";"NFT-IL";"ADAPTATION DES TERRITOIRES AU CHANGEMENT CLIMATIQUE ATTÉNUATION DE SES EFFETS, PRÉVENTION DES RISQUES ET MÉTROLOGIE DES EXPOSITIONS ENVIRONNEMENTALES";"85";8;"../Data/vague_7_10/i-nov-palmar-s-vague-8-19069.pdf"
"PIXPOLE";"WAKATOON+";"ADAPTATION DES TERRITOIRES AU CHANGEMENT CLIMATIQUE ATTÉNUATION DE SES EFFETS, PRÉVENTION DES RISQUES ET MÉTROLOGIE DES EXPOSITIONS ENVIRONNEMENTALES";"90";8;"../Data/vague_7_10/i-nov-palmar-s-vague-8-19069.pdf"
"Spideo";"Rumo Connect";"ADAPTATION DES TERRITOIRES AU CHANGEMENT CLIMATIQUE ATTÉNUATION DE SES EFFETS, PRÉVENTION DES RISQUES ET MÉTROLOGIE DES EXPOSITIONS ENVIRONNEMENTALES";"86";8;"../Data/vague_7_10/i-nov-palmar-s-vague-8-19069.pdf"
"STAGE 11";"STAGE 11";"ADAPTATION DES TERRITOIRES AU CHANGEMENT CLIMATIQUE ATTÉNUATION DE SES EFFETS, PRÉVENTION DES RISQUES ET MÉTROLOGIE DES EXPOSITIONS ENVIRONNEMENTALES";"88";8;"../Data/vague_7_10/i-nov-palmar-s-vague-8-19069.pdf"
"Tech’4’Team";"Arenametrix GDS";"ADAPTATION DES TERRITOIRES AU CHANGEMENT CLIMATIQUE ATTÉNUATION DE SES EFFETS, PRÉVENTION DES RISQUES ET MÉTROLOGIE DES EXPOSITIONS ENVIRONNEMENTALES";"79";8;"../Data/vague_7_10/i-nov-palmar-s-vague-8-19069.pdf"
"WABEL";"TANGO MEETINGS";"ADAPTATION DES TERRITOIRES AU CHANGEMENT CLIMATIQUE ATTÉNUATION DE SES EFFETS, PRÉVENTION DES RISQUES ET MÉTROLOGIE DES EXPOSITIONS ENVIRONNEMENTALES";"89";8;"../Data/vague_7_10/i-nov-palmar-s-vague-8-19069.pdf"
"ECLORE ACTUATORS";"ECLORE2";"FRENCH FAB – INDUSTRIE 4.0";"95";8;"../Data/vague_7_10/i-nov-palmar-s-vague-8-19069.pdf"
"Jimmy Energy";"Digital Heat";"FRENCH FAB – INDUSTRIE 4.0";"94";8;"../Data/vague_7_10/i-nov-palmar-s-vague-8-19069.pdf"
"R&D VISION";"OLINPIA";"FRENCH FAB – INDUSTRIE 4.0";"97";8;"../Data/vague_7_10/i-nov-palmar-s-vague-8-19069.pdf"
"Sogilis";"REFLEX Framework";"FRENCH FAB – INDUSTRIE 4.0";"98";8;"../Data/vague_7_10/i-nov-palmar-s-vague-8-19069.pdf"
"Spare Parts 3D";"N&TS 3D";"FRENCH FAB – INDUSTRIE 4.0";"96";8;"../Data/vague_7_10/i-nov-palmar-s-vague-8-19069.pdf"
"Stirweld";"STIRWELD 4.0";"FRENCH FAB – INDUSTRIE 4.0";"99";8;"../Data/vague_7_10/i-nov-palmar-s-vague-8-19069.pdf"
"Epigene Labs";"mCUBE";"SANTÉ - OUTILS DE MODÉLISATION / SIMULATION NUMÉRIQUE POUR LE DÉVELOPPEMENT DE BIOMÉDICAMENTS";"102";8;"../Data/vague_7_10/i-nov-palmar-s-vague-8-19069.pdf"
"Biodiv-Wind";"FUSION IA";"ENERGIES, RESSOURCES ET MILIEUX NATURELS";"22";9;"../Data/vague_7_10/i-nov-palmar-s-vague-9-28604.pdf"
"Earthwake Entreprise";"PLASTOPLAS – PLASTIC TO";"ENERGIES, RESSOURCES ET MILIEUX NATURELS";"26";9;"../Data/vague_7_10/i-nov-palmar-s-vague-9-28604.pdf"
"ENTENT";"PULSE50";"ENERGIES, RESSOURCES ET MILIEUX NATURELS";"27";9;"../Data/vague_7_10/i-nov-palmar-s-vague-9-28604.pdf"
"Fairme";"SMART FACTORY";"ENERGIES, RESSOURCES ET MILIEUX NATURELS";"30";9;"../Data/vague_7_10/i-nov-palmar-s-vague-9-28604.pdf"
"Genesis";"SHERPA";"ENERGIES, RESSOURCES ET MILIEUX NATURELS";"29";9;"../Data/vague_7_10/i-nov-palmar-s-vague-9-28604.pdf"
"Les Alchimistes";"LES COUCHES FERTILES DEMO";"ENERGIES, RESSOURCES ET MILIEUX NATURELS";"23";9;"../Data/vague_7_10/i-nov-palmar-s-vague-9-28604.pdf"
"OBIOSEED";"OBIO&SEA";"ENERGIES, RESSOURCES ET MILIEUX NATURELS";"24";9;"../Data/vague_7_10/i-nov-palmar-s-vague-9-28604.pdf"
"ORPIA Orpia Innovation";"ORPIA";"ENERGIES, RESSOURCES ET MILIEUX NATURELS";"25";9;"../Data/vague_7_10/i-nov-palmar-s-vague-9-28604.pdf"
"Trees-Everywhere";"QBC";"ENERGIES, RESSOURCES ET MILIEUX NATURELS";"28";9;"../Data/vague_7_10/i-nov-palmar-s-vague-9-28604.pdf"
"APHELIOR";"APHELIOR (ONTBO)";"NUMÉRIQUE DEEPTECH";"34";9;"../Data/vague_7_10/i-nov-palmar-s-vague-9-28604.pdf"
"CGX AERO";"SMART HUB PORT";"NUMÉRIQUE DEEPTECH";"42";9;"../Data/vague_7_10/i-nov-palmar-s-vague-9-28604.pdf"
"DIGITICA SAS";"ATTRACT";"NUMÉRIQUE DEEPTECH";"37";9;"../Data/vague_7_10/i-nov-palmar-s-vague-9-28604.pdf"
"DOCENT";"CAVIAR";"NUMÉRIQUE DEEPTECH";"38";9;"../Data/vague_7_10/i-nov-palmar-s-vague-9-28604.pdf"
"Expéditions Spectacles";"SOCAN22";"NUMÉRIQUE DEEPTECH";"43";9;"../Data/vague_7_10/i-nov-palmar-s-vague-9-28604.pdf"
"Nimble One";"ARU";"NUMÉRIQUE DEEPTECH";"35";9;"../Data/vague_7_10/i-nov-palmar-s-vague-9-28604.pdf"
"NOVAQUARK";"YOUR PLAYGROUND";"NUMÉRIQUE DEEPTECH";"40";9;"../Data/vague_7_10/i-nov-palmar-s-vague-9-28604.pdf"
"Perspective[S]";"MESHFOUNDRY";"NUMÉRIQUE DEEPTECH";"39";9;"../Data/vague_7_10/i-nov-palmar-s-vague-9-28604.pdf"
"SESTERCE France LABS";"ARX";"NUMÉRIQUE DEEPTECH";"36";9;"../Data/vague_7_10/i-nov-palmar-s-vague-9-28604.pdf"
"UNIFIED SOFTWARE";"SOFTWARE FACTORY2022";"NUMÉRIQUE DEEPTECH";"44";9;"../Data/vague_7_10/i-nov-palmar-s-vague-9-28604.pdf"
"Upfluence SAS";"ROIMI";"NUMÉRIQUE DEEPTECH";"41";9;"../Data/vague_7_10/i-nov-palmar-s-vague-9-28604.pdf"
"Vaonis";"TICAA";"NUMÉRIQUE DEEPTECH";"45";9;"../Data/vague_7_10/i-nov-palmar-s-vague-9-28604.pdf"
"eBikeLabs";"EBIKEOS";"TRANSPORTS, MOBILITÉS, VILLES ET BÂTIMENTS DURABLES";"48";9;"../Data/vague_7_10/i-nov-palmar-s-vague-9-28604.pdf"
"Ecov";"PLATEFORME DES SIÈGES LIBRES";"TRANSPORTS, MOBILITÉS, VILLES ET BÂTIMENTS DURABLES";"53";9;"../Data/vague_7_10/i-nov-palmar-s-vague-9-28604.pdf"
"Emerwall";"EMW UDI";"TRANSPORTS, MOBILITÉS, VILLES ET BÂTIMENTS DURABLES";"50";9;"../Data/vague_7_10/i-nov-palmar-s-vague-9-28604.pdf"
"GAYA";"HYPHOS-PRO";"TRANSPORTS, MOBILITÉS, VILLES ET BÂTIMENTS DURABLES";"51";9;"../Data/vague_7_10/i-nov-palmar-s-vague-9-28604.pdf"
"INKLUS-if";"OKEENEA DIGITAL";"TRANSPORTS, MOBILITÉS, VILLES ET BÂTIMENTS DURABLES";"52";9;"../Data/vague_7_10/i-nov-palmar-s-vague-9-28604.pdf"
"LDL TECHNOLOGY";"WSN";"TRANSPORTS, MOBILITÉS, VILLES ET BÂTIMENTS DURABLES";"55";9;"../Data/vague_7_10/i-nov-palmar-s-vague-9-28604.pdf"
"NRGYBox";"SCADALIGHT";"TRANSPORTS, MOBILITÉS, VILLES ET BÂTIMENTS DURABLES";"54";9;"../Data/vague_7_10/i-nov-palmar-s-vague-9-28604.pdf"
"VU Log";"EDMU";"TRANSPORTS, MOBILITÉS, VILLES ET BÂTIMENTS DURABLES";"49";9;"../Data/vague_7_10/i-nov-palmar-s-vague-9-28604.pdf"
"ABYS MEDICAL";"JUDET 4.0";"SANTÉ";"68";9;"../Data/vague_7_10/i-nov-palmar-s-vague-9-28604.pdf"
"ADLIN Science";"INTEGRATIOMICS 2";"SANTÉ";"66";9;"../Data/vague_7_10/i-nov-palmar-s-vague-9-28604.pdf"
"Basecamp Vascular";"GECKO+";"SANTÉ";"62";9;"../Data/vague_7_10/i-nov-palmar-s-vague-9-28604.pdf"
"COHESIVES";"ANCORE TECHNOLOGY";"SANTÉ";"58";9;"../Data/vague_7_10/i-nov-palmar-s-vague-9-28604.pdf"
"DAMAE Medical";"DEEPMOHS";"SANTÉ";"60";9;"../Data/vague_7_10/i-nov-palmar-s-vague-9-28604.pdf"
"ExactCure";"INTERACTWIN";"SANTÉ";"67";9;"../Data/vague_7_10/i-nov-palmar-s-vague-9-28604.pdf"
"FeetMe";"PTTM";"SANTÉ";"76";9;"../Data/vague_7_10/i-nov-palmar-s-vague-9-28604.pdf"
"HDSI APPLICATION";"LUNA-DTX";"SANTÉ";"71";9;"../Data/vague_7_10/i-nov-palmar-s-vague-9-28604.pdf"
"Healthy Mind";"NEUROMINDINOV";"SANTÉ";"73";9;"../Data/vague_7_10/i-nov-palmar-s-vague-9-28604.pdf"
"HEPHAISTOS-Pharma";"ONCO-BOOST";"SANTÉ";"75";9;"../Data/vague_7_10/i-nov-palmar-s-vague-9-28604.pdf"
"I.Ceram";"S2OP2CI";"SANTÉ";"77";9;"../Data/vague_7_10/i-nov-palmar-s-vague-9-28604.pdf"
"Mablink Bioscience";"MBK-103";"SANTÉ";"72";9;"../Data/vague_7_10/i-nov-palmar-s-vague-9-28604.pdf"
"Okomera";"TUMORDROP22";"SANTÉ";"80";9;"../Data/vague_7_10/i-nov-palmar-s-vague-9-28604.pdf"
"ORTHOPUS";"IAT";"SANTÉ";"65";9;"../Data/vague_7_10/i-nov-palmar-s-vague-9-28604.pdf"
"Perha Pharmaceuticals";"LCTB-21";"SANTÉ";"70";9;"../Data/vague_7_10/i-nov-palmar-s-vague-9-28604.pdf"
"PHENOCELL";"KEEPSIGHT";"SANTÉ";"69";9;"../Data/vague_7_10/i-nov-palmar-s-vague-9-28604.pdf"
"PHOST’IN THERAPEUTICS";"GLYCOPHAST";"SANTÉ";"63";9;"../Data/vague_7_10/i-nov-palmar-s-vague-9-28604.pdf"
"SKAIROS";"SILVER SPINE";"SANTÉ";"79";9;"../Data/vague_7_10/i-nov-palmar-s-vague-9-28604.pdf"
"SynapCell";"CORTEX";"SANTÉ";"59";9;"../Data/vague_7_10/i-nov-palmar-s-vague-9-28604.pdf"
"Ubiplug";"SHIVAT";"SANTÉ";"78";9;"../Data/vague_7_10/i-nov-palmar-s-vague-9-28604.pdf"
"Usense";"NEXUS";"SANTÉ";"74";9;"../Data/vague_7_10/i-nov-palmar-s-vague-9-28604.pdf"
"VitaDX International";"VISIOCYT® 3D";"SANTÉ";"81";9;"../Data/vague_7_10/i-nov-palmar-s-vague-9-28604.pdf"
"Wefight";"IA VIK";"SANTÉ";"64";9;"../Data/vague_7_10/i-nov-palmar-s-vague-9-28604.pdf"
"ZIWIG";"ERNAD";"SANTÉ";"61";9;"../Data/vague_7_10/i-nov-palmar-s-vague-9-28604.pdf"
"BiOceanOr";"PREMICE";"ENERGIES, RESSOURCES ET MILIEUX NATURELS";"28";10;"../Data/vague_7_10/i-nov-palmar-s-vague-10-28601.pdf"
"AKANTHAS";"AKANTHASWASTE1";"ENERGIES, RESSOURCES ET MILIEUX NATURELS";"22";10;"../Data/vague_7_10/i-nov-palmar-s-vague-10-28601.pdf"
"CAPACITE";"GOUACH";"ENERGIES, RESSOURCES ET MILIEUX NATURELS";"25";10;"../Data/vague_7_10/i-nov-palmar-s-vague-10-28601.pdf"
"DIAMSENS";"SMART DIAMOND SENSORS";"ENERGIES, RESSOURCES ET MILIEUX NATURELS";"30";10;"../Data/vague_7_10/i-nov-palmar-s-vague-10-28601.pdf"
"INOVAYA";"FANON";"ENERGIES, RESSOURCES ET MILIEUX NATURELS";"24";10;"../Data/vague_7_10/i-nov-palmar-s-vague-10-28601.pdf"
"Kikléo";"RÉGALADE";"ENERGIES, RESSOURCES ET MILIEUX NATURELS";"29";10;"../Data/vague_7_10/i-nov-palmar-s-vague-10-28601.pdf"
"Micr’Eau";"CH4 BOOSTER";"ENERGIES, RESSOURCES ET MILIEUX NATURELS";"23";10;"../Data/vague_7_10/i-nov-palmar-s-vague-10-28601.pdf"
"Seaturns";"IAS-WEC";"ENERGIES, RESSOURCES ET MILIEUX NATURELS";"26";10;"../Data/vague_7_10/i-nov-palmar-s-vague-10-28601.pdf"
"Weenat";"METEORIA";"ENERGIES, RESSOURCES ET MILIEUX NATURELS";"27";10;"../Data/vague_7_10/i-nov-palmar-s-vague-10-28601.pdf"
"Alice&Bob";"CLOUDCAT";"NUMÉRIQUE DEEPTECH";"37";10;"../Data/vague_7_10/i-nov-palmar-s-vague-10-28601.pdf"
"ALPHAIOTA";"VIZZIA";"NUMÉRIQUE DEEPTECH";"56";10;"../Data/vague_7_10/i-nov-palmar-s-vague-10-28601.pdf"
"Antescofo SAS";"DeepMuse";"NUMÉRIQUE DEEPTECH";"39";10;"../Data/vague_7_10/i-nov-palmar-s-vague-10-28601.pdf"
"Cyblex Technologies";"CUSTOCY LAB";"NUMÉRIQUE DEEPTECH";"38";10;"../Data/vague_7_10/i-nov-palmar-s-vague-10-28601.pdf"
"Droon";"Ecochain";"NUMÉRIQUE DEEPTECH";"40";10;"../Data/vague_7_10/i-nov-palmar-s-vague-10-28601.pdf"
"ÉHO.LINK";"ÉHO.CIRCLETRUST";"NUMÉRIQUE DEEPTECH";"36";10;"../Data/vague_7_10/i-nov-palmar-s-vague-10-28601.pdf"
"ESCAPE TECHNOLOGIES";"Escape Scale";"NUMÉRIQUE DEEPTECH";"41";10;"../Data/vague_7_10/i-nov-palmar-s-vague-10-28601.pdf"
"FRENCH TOUCH FACTORY";"ITHACA";"NUMÉRIQUE DEEPTECH";"44";10;"../Data/vague_7_10/i-nov-palmar-s-vague-10-28601.pdf"
"IOT Symphony";"Octavio";"NUMÉRIQUE DEEPTECH";"50";10;"../Data/vague_7_10/i-nov-palmar-s-vague-10-28601.pdf"
"Moovency";"Kimea Analytics";"NUMÉRIQUE DEEPTECH";"45";10;"../Data/vague_7_10/i-nov-palmar-s-vague-10-28601.pdf"
"MURMURATION";"CAPENVI";"NUMÉRIQUE DEEPTECH";"35";10;"../Data/vague_7_10/i-nov-palmar-s-vague-10-28601.pdf"
"Newsbridge";"Multimodal Perception";"NUMÉRIQUE DEEPTECH";"47";10;"../Data/vague_7_10/i-nov-palmar-s-vague-10-28601.pdf"
"Nothing2Install";"3D Cloud";"NUMÉRIQUE DEEPTECH";"34";10;"../Data/vague_7_10/i-nov-palmar-s-vague-10-28601.pdf"
"PERPETUAL EMOTION";"Evolvr";"NUMÉRIQUE DEEPTECH";"42";10;"../Data/vague_7_10/i-nov-palmar-s-vague-10-28601.pdf"
"Pianity";"Pianity";"NUMÉRIQUE DEEPTECH";"52";10;"../Data/vague_7_10/i-nov-palmar-s-vague-10-28601.pdf"
"RollingFunds";"R-Xperience";"NUMÉRIQUE DEEPTECH";"53";10;"../Data/vague_7_10/i-nov-palmar-s-vague-10-28601.pdf"
"UNITED MOTION IDEAS (UMI)";"FEEDBACK FACTORY";"NUMÉRIQUE DEEPTECH";"43";10;"../Data/vague_7_10/i-nov-palmar-s-vague-10-28601.pdf"
"UPFLOW";"Upflow";"NUMÉRIQUE DEEPTECH";"55";10;"../Data/vague_7_10/i-nov-palmar-s-vague-10-28601.pdf"
"Velco SAS";"Move 2024";"NUMÉRIQUE DEEPTECH";"48";10;"../Data/vague_7_10/i-nov-palmar-s-vague-10-28601.pdf"
"WIREMIND SAS";"PAXONE";"NUMÉRIQUE DEEPTECH";"51";10;"../Data/vague_7_10/i-nov-palmar-s-vague-10-28601.pdf"
"Zaion";"Multimodal Conversational AI";"NUMÉRIQUE DEEPTECH";"47";10;"../Data/vague_7_10/i-nov-palmar-s-vague-10-28601.pdf"
"Zorba Group";"LIDO XR";"NUMÉRIQUE DEEPTECH";"46";10;"../Data/vague_7_10/i-nov-palmar-s-vague-10-28601.pdf"
"ADD TECHNOLOGIES";"ADDWINGSAIL";"TRANSPORTS, MOBILITÉS, VILLES ET BÂTIMENTS DURABLES";"59";10;"../Data/vague_7_10/i-nov-palmar-s-vague-10-28601.pdf"
"BeFC";"Be-Logic BeFC";"TRANSPORTS, MOBILITÉS, VILLES ET BÂTIMENTS DURABLES";"60";10;"../Data/vague_7_10/i-nov-palmar-s-vague-10-28601.pdf"
"CYCLIK";"100LIN";"TRANSPORTS, MOBILITÉS, VILLES ET BÂTIMENTS DURABLES";"58";10;"../Data/vague_7_10/i-nov-palmar-s-vague-10-28601.pdf"
"EPEIRE3D";"SC3D-VAE";"TRANSPORTS, MOBILITÉS, VILLES ET BÂTIMENTS DURABLES";"65";10;"../Data/vague_7_10/i-nov-palmar-s-vague-10-28601.pdf"
"Hoffmann Green Cement Technologies";"H-GREEN";"TRANSPORTS, MOBILITÉS, VILLES ET BÂTIMENTS DURABLES";"61";10;"../Data/vague_7_10/i-nov-palmar-s-vague-10-28601.pdf"
"IQSPOT";"PEPIT";"TRANSPORTS, MOBILITÉS, VILLES ET BÂTIMENTS DURABLES";"64";10;"../Data/vague_7_10/i-nov-palmar-s-vague-10-28601.pdf"
"MIDIPILE Mobility";"MHyCO";"TRANSPORTS, MOBILITÉS, VILLES ET BÂTIMENTS DURABLES";"63";10;"../Data/vague_7_10/i-nov-palmar-s-vague-10-28601.pdf"
"SAS MINIMUM";"L’industrie du futur";"TRANSPORTS, MOBILITÉS, VILLES ET BÂTIMENTS DURABLES";"62";10;"../Data/vague_7_10/i-nov-palmar-s-vague-10-28601.pdf"
"Caranx Medical";"Asclépios";"SANTÉ";"68";10;"../Data/vague_7_10/i-nov-palmar-s-vague-10-28601.pdf"
"echOpen Factory";"echOpen Remote";"SANTÉ";"70";10;"../Data/vague_7_10/i-nov-palmar-s-vague-10-28601.pdf"
"GANYMED ROBOTICS";"GANYPLAN";"SANTÉ";"71";10;"../Data/vague_7_10/i-nov-palmar-s-vague-10-28601.pdf"
"Keymaging";"Keymaging V3";"SANTÉ";"73";10;"../Data/vague_7_10/i-nov-palmar-s-vague-10-28601.pdf"
"LUCINE";"LUCINE ENDOCARE";"SANTÉ";"74";10;"../Data/vague_7_10/i-nov-palmar-s-vague-10-28601.pdf"
"MED’INN’Pharma - MIP";"MedInCellFactory";"SANTÉ";"75";10;"../Data/vague_7_10/i-nov-palmar-s-vague-10-28601.pdf"
"My Family Up";"METAPSY2025";"SANTÉ";"76";10;"../Data/vague_7_10/i-nov-palmar-s-vague-10-28601.pdf"
"NEWCLIP TECHNICS";"TECTONICS";"SANTÉ";"82";10;"../Data/vague_7_10/i-nov-palmar-s-vague-10-28601.pdf"
"POXEL";"START";"SANTÉ";"81";10;"../Data/vague_7_10/i-nov-palmar-s-vague-10-28601.pdf"
"RDS SAS";"MultiSense II";"SANTÉ";"77";10;"../Data/vague_7_10/i-nov-palmar-s-vague-10-28601.pdf"
"RebrAIn";"Ciblage et registre";"SANTÉ";"69";10;"../Data/vague_7_10/i-nov-palmar-s-vague-10-28601.pdf"
"SAS Open Stent Solution";"NESTO";"SANTÉ";"78";10;"../Data/vague_7_10/i-nov-palmar-s-vague-10-28601.pdf"
"Sensome";"SPELL";"SANTÉ";"80";10;"../Data/vague_7_10/i-nov-palmar-s-vague-10-28601.pdf"
"Swallis Medical";"Handy-Swallow III";"SANTÉ";"72";10;"../Data/vague_7_10/i-nov-palmar-s-vague-10-28601.pdf"
"Therapanacea";"ProphesIA";"SANTÉ";"79";10;"../Data/vague_7_10/i-nov-palmar-s-vague-10-28601.pdf"
"WAINVAM-E";"WELFA-DeNV";"SANTÉ";"83";10;"../Data/vague_7_10/i-nov-palmar-s-vague-10-28601.pdf"
