"ENTREPRISES";"PROJETS";"THEMATIQUE";"PAGE";"VAGUE";"URL_FICH_ORIGINE";"REALISATION_DEBUT";"REALISATION_FIN";"MONTANT";"AIDE";"DEPT"
"AB Tasty";"Personnalisation";"NUMÉRIQUE";57;1;"../Data/vague_1_6/i-nov-palmar-s-vague-1-19087.pdf";"2018";"2020";3590054;NA;"75"
"AB7 Industries";"Terrabios";"AGRICULTURE INNOVANTE";38;1;"../Data/vague_1_6/i-nov-palmar-s-vague-1-19087.pdf";"2018";"2020";626806;197565;"31"
"ACCENTA";"ACCENTA.AI";"ÉNERGIES RENOUVELABLES, STOCKAGE ET SYSTÈMES ÉNERGÉTIQUES";7;1;"../Data/vague_1_6/i-nov-palmar-s-vague-1-19087.pdf";"2018";"2021";790331;355649;"91"
"Aenitis Technologies";"ALI-S";"SANTÉ";80;1;"../Data/vague_1_6/i-nov-palmar-s-vague-1-19087.pdf";"2018";"2021";2451391;NA;"75 77 49 39 59"
"AIRWEB";"TICKET_UNIVERSEL";"TRANSPORT ET MOBILITÉ DURABLE";24;1;"../Data/vague_1_6/i-nov-palmar-s-vague-1-19087.pdf";"2018";"2019";671932;302369;"92"
"ALPHEE Developpement";"SMART20";"TRANSPORT ET MOBILITÉ DURABLE";25;1;"../Data/vague_1_6/i-nov-palmar-s-vague-1-19087.pdf";"2018";"2019";750624;300348;"69"
"ALSID";"NGCySS";"SÉCURITÉ ET CYBERSÉCURITÉ";88;1;"../Data/vague_1_6/i-nov-palmar-s-vague-1-19087.pdf";"2018";"2020";1049693;NA;"75"
"ALYCE";"Observer";"TRANSPORT ET MOBILITÉ DURABLE";26;1;"../Data/vague_1_6/i-nov-palmar-s-vague-1-19087.pdf";"2018";"2019";798360;336852;"69 92"
"AP&BS";"SYMPHONIA";"NUMÉRIQUE";58;1;"../Data/vague_1_6/i-nov-palmar-s-vague-1-19087.pdf";"2018";"2020";670800;NA;"75"
"APIX Analytics";"MILAN";"FRENCH FAB";94;1;"../Data/vague_1_6/i-nov-palmar-s-vague-1-19087.pdf";"2018";"2020";2583401;NA;"38"
"ARYBALLE Technologies";"NeOse F3";"ALIMENTATION INTELLIGENTE";101;1;"../Data/vague_1_6/i-nov-palmar-s-vague-1-19087.pdf";"2018";"2021";678000;745000;NA
"ATAWEY";"FRHYSE";"TRANSPORT ET MOBILITÉ DURABLE";27;1;"../Data/vague_1_6/i-nov-palmar-s-vague-1-19087.pdf";"2018";"2020";694893;311802;"73"
"BIODEVAS Laboratoires";"BIOBACT";"AGRICULTURE INNOVANTE";39;1;"../Data/vague_1_6/i-nov-palmar-s-vague-1-19087.pdf";"2018";"2021";758885;246869;"72"
"BIOMEDE";"SEEDEXTRA";"AGRICULTURE INNOVANTE";40;1;"../Data/vague_1_6/i-nov-palmar-s-vague-1-19087.pdf";"2018";"2020";792320;356544;"69"
"Botify";"Botify AI";"NUMÉRIQUE";59;1;"../Data/vague_1_6/i-nov-palmar-s-vague-1-19087.pdf";"2018";"2020";3286275;NA;"75"
"C4Hydro";"LEGIO EZ-AUTO";"ÉCOSYSTÈMES TERRESTRES, AQUATIQUES ET MARINS";49;1;"../Data/vague_1_6/i-nov-palmar-s-vague-1-19087.pdf";"2018";"2021";631400;273239;"13"
"Carbon Bee AgTech";"ILS";"AGRICULTURE INNOVANTE";41;1;"../Data/vague_1_6/i-nov-palmar-s-vague-1-19087.pdf";"2018";"2021";789700;287955;"26"
"Cycle Farms";"CYCLE SEED";"AGRICULTURE INNOVANTE";42;1;"../Data/vague_1_6/i-nov-palmar-s-vague-1-19087.pdf";"2018";"2020";784719;351421;"49"
"Cythelia Energy";"ASUITE-PV-BIM";"ÉNERGIES RENOUVELABLES, STOCKAGE ET SYSTÈMES ÉNERGÉTIQUES";8;1;"../Data/vague_1_6/i-nov-palmar-s-vague-1-19087.pdf";"2018";"2020";761862;262907;"73"
"DEEPKI";"STASE2";"ÉNERGIES RENOUVELABLES, STOCKAGE ET SYSTÈMES ÉNERGÉTIQUES";9;1;"../Data/vague_1_6/i-nov-palmar-s-vague-1-19087.pdf";"2018";"2020";1750000;648138;"75"
"DIBOTICS";"Beyond-LiDAR";"TRANSPORT ET MOBILITÉ DURABLE";28;1;"../Data/vague_1_6/i-nov-palmar-s-vague-1-19087.pdf";"2018";"2019";798768;359446;"75"
"Diimotion";"DODI";"AGRICULTURE INNOVANTE";43;1;"../Data/vague_1_6/i-nov-palmar-s-vague-1-19087.pdf";"2018";"2019";637800;262080;"64"
"DNA Script";"SynVec";"SANTÉ";81;1;"../Data/vague_1_6/i-nov-palmar-s-vague-1-19087.pdf";"2018";"2021";5e+06;NA;"75"
"DualSun";"DualFab";"ÉNERGIES RENOUVELABLES, STOCKAGE ET SYSTÈMES ÉNERGÉTIQUES";10;1;"../Data/vague_1_6/i-nov-palmar-s-vague-1-19087.pdf";"2018";"2020";792685;333758;"13"
"eBike Labs";"eBike Brain";"TRANSPORT ET MOBILITÉ DURABLE";29;1;"../Data/vague_1_6/i-nov-palmar-s-vague-1-19087.pdf";"2018";"2020";1746016;764748;"38"
"EnerBee";"Little Bee";"ÉNERGIES RENOUVELABLES, STOCKAGE ET SYSTÈMES ÉNERGÉTIQUES";11;1;"../Data/vague_1_6/i-nov-palmar-s-vague-1-19087.pdf";"2018";"2020";2184197;795744;"38"
"Energies Demain";"AtAC";"ÉNERGIES RENOUVELABLES, STOCKAGE ET SYSTÈMES ÉNERGÉTIQUES";12;1;"../Data/vague_1_6/i-nov-palmar-s-vague-1-19087.pdf";"2018";"2020";790760;357192;"75"
"ENTECH-SE";"CSV";"ÉNERGIES RENOUVELABLES, STOCKAGE ET SYSTÈMES ÉNERGÉTIQUES";13;1;"../Data/vague_1_6/i-nov-palmar-s-vague-1-19087.pdf";"2018";"2019";788180;343341;"29"
"ETS DUBRULLE";"2018CROPV";"AGRICULTURE INNOVANTE";44;1;"../Data/vague_1_6/i-nov-palmar-s-vague-1-19087.pdf";"2018";"2020";1361121;417404;"59"
"EUVEKA";"BEM";"NUMÉRIQUE";60;1;"../Data/vague_1_6/i-nov-palmar-s-vague-1-19087.pdf";"2011";"2018";NA;NA;"26"
"Everysens";"OMNITRACK";"TRANSPORT ET MOBILITÉ DURABLE";30;1;"../Data/vague_1_6/i-nov-palmar-s-vague-1-19087.pdf";"2018";"2019";779100;350595;"59"
"Expliseat";"AERORAIL";"TRANSPORT ET MOBILITÉ DURABLE";31;1;"../Data/vague_1_6/i-nov-palmar-s-vague-1-19087.pdf";"2018";"2021";4231163;1772226;"75"
"FLUDIA";"FUSINI";"ÉNERGIES RENOUVELABLES, STOCKAGE ET SYSTÈMES ÉNERGÉTIQUES";14;1;"../Data/vague_1_6/i-nov-palmar-s-vague-1-19087.pdf";"2018";"2020";774000;348300;"92"
"FORSETI SAS";"Doctrine.eu";"NUMÉRIQUE";61;1;"../Data/vague_1_6/i-nov-palmar-s-vague-1-19087.pdf";"2018";"2021";4999944;NA;"75"
"Georges.tech SAS";"GEORGES";"NUMÉRIQUE";62;1;"../Data/vague_1_6/i-nov-palmar-s-vague-1-19087.pdf";"2018";"2020";1766281;NA;"69"
"GO TOUCH VR";"GO TOUCH VR 5G";"NUMÉRIQUE";63;1;"../Data/vague_1_6/i-nov-palmar-s-vague-1-19087.pdf";"2018";"2021";1903000;NA;"59"
"GULPLUG";"SELFPLUG";"TRANSPORT ET MOBILITÉ DURABLE";32;1;"../Data/vague_1_6/i-nov-palmar-s-vague-1-19087.pdf";"2018";"2020";752960;338832;"38"
"H-PreC SAS";"BloK";"FRENCH FAB";95;1;"../Data/vague_1_6/i-nov-palmar-s-vague-1-19087.pdf";"2018";"2020";610038;NA;"06"
"HAWK";"SOLARWATCH";"ÉNERGIES RENOUVELABLES, STOCKAGE ET SYSTÈMES ÉNERGÉTIQUES";15;1;"../Data/vague_1_6/i-nov-palmar-s-vague-1-19087.pdf";"2018";"2019";670862;295494;"33"
"Infolegale";"COMPLIFY";"NUMÉRIQUE";64;1;"../Data/vague_1_6/i-nov-palmar-s-vague-1-19087.pdf";"2018";"2021";2864304;NA;"69"
"IoT.bzh";"SILEX";"NUMÉRIQUE";65;1;"../Data/vague_1_6/i-nov-palmar-s-vague-1-19087.pdf";"2018";"2020";779000;NA;"56"
"IXSANE";"EMILIE";"ÉCOSYSTÈMES TERRESTRES, AQUATIQUES ET MARINS";50;1;"../Data/vague_1_6/i-nov-palmar-s-vague-1-19087.pdf";"2018";"2020";786300;353835;"59"
"KITEWINDER";"STRATO-WIND";"ÉNERGIES RENOUVELABLES, STOCKAGE ET SYSTÈMES ÉNERGÉTIQUES";16;1;"../Data/vague_1_6/i-nov-palmar-s-vague-1-19087.pdf";"2018";"2021";780000;318838;"33"
"KLEARIA";"MICROPOLTRACK";"ÉCOSYSTÈMES TERRESTRES, AQUATIQUES ET MARINS";51;1;"../Data/vague_1_6/i-nov-palmar-s-vague-1-19087.pdf";"2018";"2020";796001;344967;"06"
"LIBRICIEL SCOP SA";"IPNG";"NUMÉRIQUE";66;1;"../Data/vague_1_6/i-nov-palmar-s-vague-1-19087.pdf";"2018";"2020";674000;NA;"34"
"LyophiTech";"LYOAC";"ALIMENTATION INTELLIGENTE";102;1;"../Data/vague_1_6/i-nov-palmar-s-vague-1-19087.pdf";"2019";"2021";749000;335000;NA
"MagIA Diagnostics SAS";"MagIABioprod";"SANTÉ";82;1;"../Data/vague_1_6/i-nov-palmar-s-vague-1-19087.pdf";"2018";"2020";789087;NA;"38"
"Mascara Nouvelles Technologies";"ECO DESSALEMENT SOLAIRE";"ÉCOSYSTÈMES TERRESTRES, AQUATIQUES ET MARINS";52;1;"../Data/vague_1_6/i-nov-palmar-s-vague-1-19087.pdf";"2018";"2020";1821883;771155;"28"
"MC2 Technologies";"SACOP";"SÉCURITÉ ET CYBERSÉCURITÉ";89;1;"../Data/vague_1_6/i-nov-palmar-s-vague-1-19087.pdf";"2018";"2020";1738203;NA;"59"
"Metagritech";"Hydroferti";"AGRICULTURE INNOVANTE";45;1;"../Data/vague_1_6/i-nov-palmar-s-vague-1-19087.pdf";"2018";"2020";791293;328858;"75"
"MilliDrop Instrument SAS";"DIHAG";"SANTÉ";83;1;"../Data/vague_1_6/i-nov-palmar-s-vague-1-19087.pdf";"2019";"2021";4400000;NA;"75"
"MJVA-Creaminal";"bridg.audio";"NUMÉRIQUE";67;1;"../Data/vague_1_6/i-nov-palmar-s-vague-1-19087.pdf";"2018";"2019";715790;NA;"75"
"MultiX S.A.";"AUTOSOFT";"SÉCURITÉ ET CYBERSÉCURITÉ";90;1;"../Data/vague_1_6/i-nov-palmar-s-vague-1-19087.pdf";"2018";"2020";705000;NA;"38"
"MYRIADE";"COLE";"SANTÉ";84;1;"../Data/vague_1_6/i-nov-palmar-s-vague-1-19087.pdf";"2018";"2019";790085;NA;"75"
"NETATMO";"NHA";"NUMÉRIQUE";68;1;"../Data/vague_1_6/i-nov-palmar-s-vague-1-19087.pdf";"2018";"2020";4600000;NA;"92 69"
"NEWHEAT";"SCALE&MIX";"ÉNERGIES RENOUVELABLES, STOCKAGE ET SYSTÈMES ÉNERGÉTIQUES";17;1;"../Data/vague_1_6/i-nov-palmar-s-vague-1-19087.pdf";"2018";"2021";799320;279558;"33 24"
"Nextmind";"NeurAction";"NUMÉRIQUE";69;1;"../Data/vague_1_6/i-nov-palmar-s-vague-1-19087.pdf";"2018";"2020";2273427;NA;"75"
"Odit-e";"UTILIT-e";"ÉNERGIES RENOUVELABLES, STOCKAGE ET SYSTÈMES ÉNERGÉTIQUES";18;1;"../Data/vague_1_6/i-nov-palmar-s-vague-1-19087.pdf";"2018";"2020";649460;292257;"38"
"OWNEST SAS";"OWNEST";"NUMÉRIQUE";70;1;"../Data/vague_1_6/i-nov-palmar-s-vague-1-19087.pdf";"2018";"2019";777600;NA;"75"
"PERARD";"Silo-eXpress";"AGRICULTURE INNOVANTE";46;1;"../Data/vague_1_6/i-nov-palmar-s-vague-1-19087.pdf";"2018";"2020";1209550;522715;"55"
"PERCIPIO ROBOTICS";"FRENCH PRECISION";"FRENCH FAB";96;1;"../Data/vague_1_6/i-nov-palmar-s-vague-1-19087.pdf";"2018";"2021";1423441;NA;"25"
"Pherecydes Pharma";"Phagogramme";"SANTÉ";85;1;"../Data/vague_1_6/i-nov-palmar-s-vague-1-19087.pdf";"2018";"2020";785000;NA;"93"
"Pricemoov";"PRM";"NUMÉRIQUE";71;1;"../Data/vague_1_6/i-nov-palmar-s-vague-1-19087.pdf";"2018";"2019";2e+06;NA;"94"
"Prove & Run";"ProvenStore";"SÉCURITÉ ET CYBERSÉCURITÉ";91;1;"../Data/vague_1_6/i-nov-palmar-s-vague-1-19087.pdf";"2018";"2020";8e+05;NA;"75 06"
"Reuniwatt SAS";"Deep PV Forecasting – DPVF";"ÉNERGIES RENOUVELABLES, STOCKAGE ET SYSTÈMES ÉNERGÉTIQUES";19;1;"../Data/vague_1_6/i-nov-palmar-s-vague-1-19087.pdf";"2018";"2020";787376;334352;"97 75"
"SEAir";"Foil’GEE";"TRANSPORT ET MOBILITÉ DURABLE";33;1;"../Data/vague_1_6/i-nov-palmar-s-vague-1-19087.pdf";"2018";"2020";793500;353251;"56"
"SEAVIEWS";"CartHabS";"ÉCOSYSTÈMES TERRESTRES, AQUATIQUES ET MARINS";53;1;"../Data/vague_1_6/i-nov-palmar-s-vague-1-19087.pdf";"2018";"2021";601600;270720;"13"
"SENTRYO";"KITEA";"SÉCURITÉ ET CYBERSÉCURITÉ";92;1;"../Data/vague_1_6/i-nov-palmar-s-vague-1-19087.pdf";"2018";"2021";793000;NA;"69"
"SHIPPEO";"SASHA";"NUMÉRIQUE";72;1;"../Data/vague_1_6/i-nov-palmar-s-vague-1-19087.pdf";"2018";"2019";3289370;NA;"75"
"Sidetrade";"EuroFirmo";"NUMÉRIQUE";73;1;"../Data/vague_1_6/i-nov-palmar-s-vague-1-19087.pdf";"2018";"2020";3605867;NA;"92"
"SKILLUP";"MLFORM";"NUMÉRIQUE";74;1;"../Data/vague_1_6/i-nov-palmar-s-vague-1-19087.pdf";"2018";"2019";778550;NA;"75"
"SOLEAN";"SHINE LEAN SOLAR";"FRENCH FAB";97;1;"../Data/vague_1_6/i-nov-palmar-s-vague-1-19087.pdf";"2018";"2020";798166;NA;"73"
"Soleo Eco-Solutions";"Fourmanioc";"AGRICULTURE INNOVANTE";47;1;"../Data/vague_1_6/i-nov-palmar-s-vague-1-19087.pdf";"2018";"2020";763317;336129;"91 94 97 34"
"SPECTRALYS innovation";"OPTI MILL";"ALIMENTATION INTELLIGENTE";103;1;"../Data/vague_1_6/i-nov-palmar-s-vague-1-19087.pdf";"2018";"2020";996000;444000;NA
"SPYGEN SAS";"ALIVe";"ÉCOSYSTÈMES TERRESTRES, AQUATIQUES ET MARINS";54;1;"../Data/vague_1_6/i-nov-palmar-s-vague-1-19087.pdf";"2018";"2020";723066;325379;"73"
"STEADYSUN";"MoNuTeR";"ÉNERGIES RENOUVELABLES, STOCKAGE ET SYSTÈMES ÉNERGÉTIQUES";20;1;"../Data/vague_1_6/i-nov-palmar-s-vague-1-19087.pdf";"2018";"2021";722400;325080;"73"
"STIRAL";"COMHEX Cu-Al";"TRANSPORT ET MOBILITÉ DURABLE";34;1;"../Data/vague_1_6/i-nov-palmar-s-vague-1-19087.pdf";"2018";"2021";798768;348300;"38"
"SurfactGreen";"T2BIO";"FRENCH FAB";98;1;"../Data/vague_1_6/i-nov-palmar-s-vague-1-19087.pdf";"2018";"2021";2900000;NA;"35"
"TENEVIA";"CAM-WaterQuality";"ÉCOSYSTÈMES TERRESTRES, AQUATIQUES ET MARINS";55;1;"../Data/vague_1_6/i-nov-palmar-s-vague-1-19087.pdf";"2018";"2020";640060;273402;"38"
"Therapixel SA";"MammoScreen";"NUMÉRIQUE";75;1;"../Data/vague_1_6/i-nov-palmar-s-vague-1-19087.pdf";"2018";"2019";790000;NA;"06 75"
"TIAMAT";"POWERBAT";"ÉNERGIES RENOUVELABLES, STOCKAGE ET SYSTÈMES ÉNERGÉTIQUES";21;1;"../Data/vague_1_6/i-nov-palmar-s-vague-1-19087.pdf";"2018";"2020";3401000;1239000;"80"
"tictactrip";"MARIT";"TRANSPORT ET MOBILITÉ DURABLE";35;1;"../Data/vague_1_6/i-nov-palmar-s-vague-1-19087.pdf";"2018";"2019";619440;278748;"75"
"TRISKEM INTERNATIONAL";"C.L.I.P.S. 2020";"FRENCH FAB";99;1;"../Data/vague_1_6/i-nov-palmar-s-vague-1-19087.pdf";"2018";"2020";1448283;NA;"35"
"TrustBK";"Margo Bank";"NUMÉRIQUE";76;1;"../Data/vague_1_6/i-nov-palmar-s-vague-1-19087.pdf";"2018";"2020";NA;NA;"75"
"UPTIME";"PEMSys";"NUMÉRIQUE";77;1;"../Data/vague_1_6/i-nov-palmar-s-vague-1-19087.pdf";"2018";"2019";859779;NA;"75 76"
"Vaxinano";"NANOVAXIN";"SANTÉ";86;1;"../Data/vague_1_6/i-nov-palmar-s-vague-1-19087.pdf";"2018";"2020";750277;NA;"59"
"VEKIA";"suppl.AI";"NUMÉRIQUE";78;1;"../Data/vague_1_6/i-nov-palmar-s-vague-1-19087.pdf";"2018";"2020";4247558;NA;"59"
"VOLTINOV";"BE-LIGHT";"ÉNERGIES RENOUVELABLES, STOCKAGE ET SYSTÈMES ÉNERGÉTIQUES";22;1;"../Data/vague_1_6/i-nov-palmar-s-vague-1-19087.pdf";"2018";"2020";791960;328977;"67"
"Vulog";"MaasLab";"TRANSPORT ET MOBILITÉ DURABLE";36;1;"../Data/vague_1_6/i-nov-palmar-s-vague-1-19087.pdf";"2018";"2020";2595398;1138568;"06"
"7HUGS LABS";"MARS";"NUMÉRIQUE";36;2;"../Data/vague_1_6/i-nov-palmar-s-vague-2-19084.pdf";"2018";"2020";3919186;1763633;"92"
"Acklio";"Plug & Play LPWAN Connectivity";"NUMÉRIQUE";37;2;"../Data/vague_1_6/i-nov-palmar-s-vague-2-19084.pdf";"2019";"2020";759299;341684;"33"
"ADIONICS";"HAL’EXTRA";"AGRICULTURE, INDUSTRIE ET SYLVICULTURE ÉCO-EFFICIENTES";13;2;"../Data/vague_1_6/i-nov-palmar-s-vague-2-19084.pdf";"2019";"2020";787368;285264;"94"
"AlgoSource";"Allisimac";"ALIMENTATION INTELLIGENTE";75;2;"../Data/vague_1_6/i-nov-palmar-s-vague-2-19084.pdf";"2019";"2021";787000;354000;"44"
"Alkemics";"B2B MARKETPLACE";"NUMÉRIQUE";38;2;"../Data/vague_1_6/i-nov-palmar-s-vague-2-19084.pdf";"2019";"2020";2198664;769532;"75"
"ALKION BIO INNOVATIONS";"NeGenSweet";"ALIMENTATION INTELLIGENTE";76;2;"../Data/vague_1_6/i-nov-palmar-s-vague-2-19084.pdf";"2019";"2020";1700000;719000;"78"
"ALPINOV X";"FHP";"AGRICULTURE, INDUSTRIE ET SYLVICULTURE ÉCO-EFFICIENTES";14;2;"../Data/vague_1_6/i-nov-palmar-s-vague-2-19084.pdf";"2018";"2019";798546;359346;"38"
"AmpliSIM";"RefSIM";"EXPOSITIONS CHRONIQUES ET RISQUES SANITAIRES";33;2;"../Data/vague_1_6/i-nov-palmar-s-vague-2-19084.pdf";"2019";"2021";628800;282960;"75"
"BBS SLAMA";"BEE";"PERFORMANCE ENVIRONNEMENTALE DES BÂTIMENTS";7;2;"../Data/vague_1_6/i-nov-palmar-s-vague-2-19084.pdf";"2019";"2021";675058;303776;"63"
"BOOSTHEAT";"BOOSTHEAT.20";"PERFORMANCE ENVIRONNEMENTALE DES BÂTIMENTS";8;2;"../Data/vague_1_6/i-nov-palmar-s-vague-2-19084.pdf";"2019";"2021";781291;330135;"69"
"CardioRenal";"IMPACTER";"SANTÉ";54;2;"../Data/vague_1_6/i-nov-palmar-s-vague-2-19084.pdf";"2019";"2020";790000;355500;"67"
"CONNECTING FOOD";"Live Transparency";"ALIMENTATION INTELLIGENTE";77;2;"../Data/vague_1_6/i-nov-palmar-s-vague-2-19084.pdf";"2019";"2020";8e+05;360000;"75"
"Cycl-add";"Poly’add";"ECONOMIE CIRCULAIRE";22;2;"../Data/vague_1_6/i-nov-palmar-s-vague-2-19084.pdf";"2019";"2021";610555;274750;"01"
"DELTALYS";"CattaLys";"ECONOMIE CIRCULAIRE";23;2;"../Data/vague_1_6/i-nov-palmar-s-vague-2-19084.pdf";"2019";"2020";758120;313011;"69"
"DIGINOVE";"TELECENSE";"ESPACE";63;2;"../Data/vague_1_6/i-nov-palmar-s-vague-2-19084.pdf";"2019";"2021";660101;297045;"13"
"E-ODYN";"DUOS";"ESPACE";64;2;"../Data/vague_1_6/i-nov-palmar-s-vague-2-19084.pdf";"2019";"2021";794189;357385;"29"
"ECO-ADAPT";"EFFI-MOTEUR";"AGRICULTURE, INDUSTRIE ET SYLVICULTURE ÉCO-EFFICIENTES";15;2;"../Data/vague_1_6/i-nov-palmar-s-vague-2-19084.pdf";"2019";"2020";1450255;652601;"75"
"Ecodrop";"Technodrop";"ECONOMIE CIRCULAIRE";24;2;"../Data/vague_1_6/i-nov-palmar-s-vague-2-19084.pdf";"2019";"2021";672604;302672;"92"
"ENHANCIA";"M2HD";"NUMÉRIQUE";39;2;"../Data/vague_1_6/i-nov-palmar-s-vague-2-19084.pdf";"2019";"2021";720000;324000;"38"
"Exotrail";"PEPS";"ESPACE";65;2;"../Data/vague_1_6/i-nov-palmar-s-vague-2-19084.pdf";"2018";"2020";3432802;1544760;"91"
"FairyTool";"PocketStudio";"NUMÉRIQUE";40;2;"../Data/vague_1_6/i-nov-palmar-s-vague-2-19084.pdf";"2019";"2020";621626;279731;"93"
"GoJob";"INSERT";"SOCIÉTÉ INCLUSIVE ET SOLIDAIRE";70;2;"../Data/vague_1_6/i-nov-palmar-s-vague-2-19084.pdf";"2019";"2020";2352526;1058636;"13"
"IEXEC";"ETH4ETR";"NUMÉRIQUE";41;2;"../Data/vague_1_6/i-nov-palmar-s-vague-2-19084.pdf";"2018";"2021";1987488;894369;"69"
"Incepto Medical";"Augmented Radiology";"SANTÉ";55;2;"../Data/vague_1_6/i-nov-palmar-s-vague-2-19084.pdf";"2019";"2019";780412;351185;"75"
"InnovaFeed";"InScale";"ECONOMIE CIRCULAIRE";25;2;"../Data/vague_1_6/i-nov-palmar-s-vague-2-19084.pdf";"2019";"2021";3281800;1360980;"80"
"Intent – Drone Interactive";"ARCADRONE";"NUMÉRIQUE";42;2;"../Data/vague_1_6/i-nov-palmar-s-vague-2-19084.pdf";"2018";"2020";718909;323509;"38"
"INVERS";"INFARM";"AGRICULTURE, INDUSTRIE ET SYLVICULTURE ÉCO-EFFICIENTES";16;2;"../Data/vague_1_6/i-nov-palmar-s-vague-2-19084.pdf";"2019";"2020";769300;325251;"63"
"IT CONTROL EXPERT";"ECOSTRAUV";"PERFORMANCE ENVIRONNEMENTALE DES BÂTIMENTS";9;2;"../Data/vague_1_6/i-nov-palmar-s-vague-2-19084.pdf";"2018";"2020";784853;339055;"03"
"Lactips";"EMBALACTIF";"ALIMENTATION INTELLIGENTE";78;2;"../Data/vague_1_6/i-nov-palmar-s-vague-2-19084.pdf";"2019";"2020";693000;312000;"42"
"Les Alchimistes";"Alchimistes";"ECONOMIE CIRCULAIRE";26;2;"../Data/vague_1_6/i-nov-palmar-s-vague-2-19084.pdf";"2018";"2021";772210;312017;"93"
"Linkednutri";"Linkednutri";"ALIMENTATION INTELLIGENTE";79;2;"../Data/vague_1_6/i-nov-palmar-s-vague-2-19084.pdf";"2019";"2022";3400000;NA;"94"
"LXRepair";"ZYMONCO";"SANTÉ";56;2;"../Data/vague_1_6/i-nov-palmar-s-vague-2-19084.pdf";"2019";"2021";793182;356931;"38"
"Mac-Lloyd";"GPSKIN";"NUMÉRIQUE";43;2;"../Data/vague_1_6/i-nov-palmar-s-vague-2-19084.pdf";"2018";"2020";796314;358341;"12"
"MagIA Diagnostics";"MagIA Diag IST";"SANTÉ";57;2;"../Data/vague_1_6/i-nov-palmar-s-vague-2-19084.pdf";"2018";"2019";658012;296105;"38"
"MEDIMPRINT";"DETIC";"SANTÉ";58;2;"../Data/vague_1_6/i-nov-palmar-s-vague-2-19084.pdf";"2019";"2022";2129589;958315;"38"
"METAFORA biosystems";"CellMETA-analyzer";"SANTÉ";59;2;"../Data/vague_1_6/i-nov-palmar-s-vague-2-19084.pdf";"2018";"2020";2245422;1010439;"75"
"MODETIC / L’équipe 1083";"MONCOTON";"ECONOMIE CIRCULAIRE";27;2;"../Data/vague_1_6/i-nov-palmar-s-vague-2-19084.pdf";"2019";"2022";2011782;905302;"26"
"NEXT4";"ISCT - International Supply Chain Trackers";"ESPACE";66;2;"../Data/vague_1_6/i-nov-palmar-s-vague-2-19084.pdf";"2018";"2021";687293;309281;"31"
"NEXTFLOW Software";"FINISHH";"NUMÉRIQUE";44;2;"../Data/vague_1_6/i-nov-palmar-s-vague-2-19084.pdf";"2019";"2021";717966;323084;"44"
"Nomad Education";"Revision Adaptive 2.0";"NUMÉRIQUE";45;2;"../Data/vague_1_6/i-nov-palmar-s-vague-2-19084.pdf";"2019";"2020";795068;357780;"75"
"NovaGray";"NovaGray Chir";"SANTÉ";60;2;"../Data/vague_1_6/i-nov-palmar-s-vague-2-19084.pdf";"2019";"2021";783780;352701;"34"
"OKEENEA";"KLEVER";"SOCIÉTÉ INCLUSIVE ET SOLIDAIRE";71;2;"../Data/vague_1_6/i-nov-palmar-s-vague-2-19084.pdf";"2019";"2021";783472;352562;"69"
"OROSOUND";"DASH";"EXPOSITIONS CHRONIQUES ET RISQUES SANITAIRES";34;2;"../Data/vague_1_6/i-nov-palmar-s-vague-2-19084.pdf";"2018";"2020";778899;334755;"75"
"Payfit";"Payfit";"NUMÉRIQUE";46;2;"../Data/vague_1_6/i-nov-palmar-s-vague-2-19084.pdf";"2018";"2020";3942493;1379872;"75"
"POLLEN Metrology";"PLATYPUS BOOST";"NUMÉRIQUE";47;2;"../Data/vague_1_6/i-nov-palmar-s-vague-2-19084.pdf";"2019";"2020";797753;358988;"38"
"Rheonova";"MucoCF";"SANTÉ";61;2;"../Data/vague_1_6/i-nov-palmar-s-vague-2-19084.pdf";"2019";"2021";783690;352660;"38"
"ROSI";"REDESIGN";"ECONOMIE CIRCULAIRE";28;2;"../Data/vague_1_6/i-nov-palmar-s-vague-2-19084.pdf";"2019";"2022";772093;347422;"38"
"SAVE INNOVATIONS";"S-PG";"AGRICULTURE, INDUSTRIE ET SYLVICULTURE ÉCO-EFFICIENTES";17;2;"../Data/vague_1_6/i-nov-palmar-s-vague-2-19084.pdf";"2018";"2020";778117;342233;"38"
"SITIA";"EVAgri";"AGRICULTURE, INDUSTRIE ET SYLVICULTURE ÉCO-EFFICIENTES";18;2;"../Data/vague_1_6/i-nov-palmar-s-vague-2-19084.pdf";"2019";"2021";2730360;934970;"44"
"Skopai";"EINAI";"NUMÉRIQUE";48;2;"../Data/vague_1_6/i-nov-palmar-s-vague-2-19084.pdf";"2019";"2020";751400;338130;"38"
"Smart Cast";"DTR";"PERFORMANCE ENVIRONNEMENTALE DES BÂTIMENTS";10;2;"../Data/vague_1_6/i-nov-palmar-s-vague-2-19084.pdf";"2018";"2020";673665;303145;"44"
"SMOME";"SMOME BPA";"PERFORMANCE ENVIRONNEMENTALE DES BÂTIMENTS";11;2;"../Data/vague_1_6/i-nov-palmar-s-vague-2-19084.pdf";"2019";"2021";753400;285930;"69"
"Spideo";"SPIDEO CREATIVE SaaS";"NUMÉRIQUE";49;2;"../Data/vague_1_6/i-nov-palmar-s-vague-2-19084.pdf";"2018";"2019";795120;357804;"75"
"Technologies de France";"OSIRX GF";"ECONOMIE CIRCULAIRE";29;2;"../Data/vague_1_6/i-nov-palmar-s-vague-2-19084.pdf";"2019";"2020";693705;312168;"13"
"Tempow – Tap Sound System";"TWE";"NUMÉRIQUE";50;2;"../Data/vague_1_6/i-nov-palmar-s-vague-2-19084.pdf";"2018";"2019";792659;356696;"75"
"ThrustMe";"TREND";"ESPACE";67;2;"../Data/vague_1_6/i-nov-palmar-s-vague-2-19084.pdf";"2019";"2021";756583;340462;"91"
"Tinyclues";"Auto-Drive";"NUMÉRIQUE";51;2;"../Data/vague_1_6/i-nov-palmar-s-vague-2-19084.pdf";"2019";"2020";3196989;1118946;"75"
"Toucan Toco";"Plateforme Toucan";"NUMÉRIQUE";52;2;"../Data/vague_1_6/i-nov-palmar-s-vague-2-19084.pdf";"2018";"2020";2846400;1280880;"75"
"TRYON";"Modul’O+";"ECONOMIE CIRCULAIRE";30;2;"../Data/vague_1_6/i-nov-palmar-s-vague-2-19084.pdf";"2018";"2020";797083;333081;"75"
"Unis C";"PROJET IO";"SOCIÉTÉ INCLUSIVE ET SOLIDAIRE";72;2;"../Data/vague_1_6/i-nov-palmar-s-vague-2-19084.pdf";"2019";"2021";791919;356363;"59"
"UNSEENLABS";"UNSEENLABS";"ESPACE";68;2;"../Data/vague_1_6/i-nov-palmar-s-vague-2-19084.pdf";"2019";"2021";1637353;736808;"35"
"URBAN ECO SCOP";"URBAN’COMPOST";"ECONOMIE CIRCULAIRE";31;2;"../Data/vague_1_6/i-nov-palmar-s-vague-2-19084.pdf";"2019";"2022";779945;345633;"94"
"UV BOOSTING";"UV BOOSTING";"AGRICULTURE, INDUSTRIE ET SYLVICULTURE ÉCO-EFFICIENTES";19;2;"../Data/vague_1_6/i-nov-palmar-s-vague-2-19084.pdf";"2018";"2020";3113093;1400892;"92"
"VITIBOT";"BKE";"AGRICULTURE, INDUSTRIE ET SYLVICULTURE ÉCO-EFFICIENTES";20;2;"../Data/vague_1_6/i-nov-palmar-s-vague-2-19084.pdf";"2019";"2021";3836504;1414414;"51"
"Wheeliz";"Wheeliz";"SOCIÉTÉ INCLUSIVE ET SOLIDAIRE";73;2;"../Data/vague_1_6/i-nov-palmar-s-vague-2-19084.pdf";"2019";"2021";745883;335647;"75"
"AIVE";"AIVE R&D";"NUMÉRIQUE DEEPTECH";45;3;"../Data/vague_1_6/i-nov-palmar-s-vague-3-19081.pdf";"2019";"2020";2361792;1062806;"34"
"AKRYVIA";"PICUP";"FRENCH FAB";38;3;"../Data/vague_1_6/i-nov-palmar-s-vague-3-19081.pdf";"2020";"2021";1948549;876847;"44"
"ALTAROAD";"Intrack";"TRANSPORT ET MOBILITÉ DURABLE";26;3;"../Data/vague_1_6/i-nov-palmar-s-vague-3-19081.pdf";"2019";"2021";977943;440074;"94"
"ANANKE";"ECOGEN_ANANKE";"EFFICACITÉ EN ÉNERGIE ET EN RESSOURCES";13;3;"../Data/vague_1_6/i-nov-palmar-s-vague-3-19081.pdf";"2019";"2020";691800;301410;"90"
"antidot";"Smart FT";"NUMÉRIQUE DEEP TECH";46;3;"../Data/vague_1_6/i-nov-palmar-s-vague-3-19081.pdf";"2020";"2022";2575068;1158780;"13"
"ATEME";"AI4SEC";"NUMÉRIQUE DEEP TECH";47;3;"../Data/vague_1_6/i-nov-palmar-s-vague-3-19081.pdf";"2019";"2021";2025856;709049;"78"
"ACWA Robotics";"ACWA";"EAU ET BIODIVERSITÉ";7;3;"../Data/vague_1_6/i-nov-palmar-s-vague-3-19081.pdf";"2019";"2021";687354;309504;"2A"
"BIROTA";"ZOTR";"TRANSPORT ET MOBILITÉ DURABLE";27;3;"../Data/vague_1_6/i-nov-palmar-s-vague-3-19081.pdf";"2019";"2020";989325;333663;"92"
"bMotion Technologies";"MILA Learn";"NUMÉRIQUE DEEP TECH";48;3;"../Data/vague_1_6/i-nov-palmar-s-vague-3-19081.pdf";"2019";"2021";981315;441592;"91"
"BuyCo";"AUTO SHIPPING";"TRANSPORT ET MOBILITÉ DURABLE";28;3;"../Data/vague_1_6/i-nov-palmar-s-vague-3-19081.pdf";"2019";"2020";979904;440957;"13"
"CT2MC";"CAN'EAU";"EAU ET BIODIVERSITÉ";8;3;"../Data/vague_1_6/i-nov-palmar-s-vague-3-19081.pdf";"2019";"2022";885525;398486;"73"
"CityTaps";"IoW";"EAU ET BIODIVERSITÉ";9;3;"../Data/vague_1_6/i-nov-palmar-s-vague-3-19081.pdf";"2019";"2021";749201;337140;"92"
"CWS MOREL";"POG";"TRANSPORT ET MOBILITÉ DURABLE";29;3;"../Data/vague_1_6/i-nov-palmar-s-vague-3-19081.pdf";"2020";"2021";1800000;792660;"94"
"D-ICE Engineering";"OCEANICS";"TRANSPORT ET MOBILITÉ DURABLE";30;3;"../Data/vague_1_6/i-nov-palmar-s-vague-3-19081.pdf";"2019";"2022";945912;414168;"44"
"DASHDOC";"RODATRANS";"TRANSPORT ET MOBILITÉ DURABLE";31;3;"../Data/vague_1_6/i-nov-palmar-s-vague-3-19081.pdf";"2019";"2020";978502;440325;"94"
"DCbrain SAS";"MarvinZero";"FRENCH FAB";39;3;"../Data/vague_1_6/i-nov-palmar-s-vague-3-19081.pdf";"2019";"2021";858329;386248;"92"
"Deep Algo";"C-3PO";"NUMÉRIQUE DEEP TECH";50;3;"../Data/vague_1_6/i-nov-palmar-s-vague-3-19081.pdf";"2019";"2031";932307;326307;"75"
"DigiMobee";"mobeeFLEET";"TRANSPORT ET MOBILITÉ DURABLE";32;3;"../Data/vague_1_6/i-nov-palmar-s-vague-3-19081.pdf";"2019";"2021";875840;394128;"75"
"DIOTASOFT S.A.S.";"ASSMA";"FRENCH FAB";40;3;"../Data/vague_1_6/i-nov-palmar-s-vague-3-19081.pdf";"2019";"2021";784896;274713;"91"
"E-COBOT";"HULKY";"FRENCH FAB";41;3;"../Data/vague_1_6/i-nov-palmar-s-vague-3-19081.pdf";"2019";"2022";991905;446357;"44"
"ENWIRES";"XSTREAM";"ÉNERGIES RENOUVELABLES, STOCKAGE ET SYSTÈMES ÉNERGÉTIQUES";19;3;"../Data/vague_1_6/i-nov-palmar-s-vague-3-19081.pdf";"2020";"2021";1700000;744637;"38"
"EOLINK SAS";"EFFICACE";"ÉNERGIES RENOUVELABLES, STOCKAGE ET SYSTÈMES ÉNERGÉTIQUES";20;3;"../Data/vague_1_6/i-nov-palmar-s-vague-3-19081.pdf";"2019";"2020";985680;443556;"29"
"Foodvisor";"AQUA";"NUMÉRIQUE DEEP TECH";51;3;"../Data/vague_1_6/i-nov-palmar-s-vague-3-19081.pdf";"2019";"2021";769990;346495;"75"
"GEOLITH";"Li-Capt 2";"EFFICACITÉ EN ÉNERGIE ET EN RESSOURCES";14;3;"../Data/vague_1_6/i-nov-palmar-s-vague-3-19081.pdf";"2019";"2022";994940;447723;"91"
"Glose SAS";"IA au service de la lecture";"NUMÉRIQUE DEEP TECH";52;3;"../Data/vague_1_6/i-nov-palmar-s-vague-3-19081.pdf";"2019";"2021";1958700;881415;"92"
"Green Communications";"B4V";"TRANSPORT ET MOBILITÉ DURABLE";33;3;"../Data/vague_1_6/i-nov-palmar-s-vague-3-19081.pdf";"2020";"2021";816240;344493;"92"
"GREEN SHIELD";"GREENSHIELD";"AGRICULTURE INNOVANTE";68;3;"../Data/vague_1_6/i-nov-palmar-s-vague-3-19081.pdf";"2019";"2021";767000;345000;NA
"Hackuity";"Augmented Pentests";"SÉCURITÉ ET CYBERSÉCURITÉ";65;3;"../Data/vague_1_6/i-nov-palmar-s-vague-3-19081.pdf";"2019";"2021";935904;421156;"69"
"Heyday Integrated Circuits";"Heyday Lily";"EFFICACITÉ EN ÉNERGIE ET EN RESSOURCES";15;3;"../Data/vague_1_6/i-nov-palmar-s-vague-3-19081.pdf";"2019";"2021";928100;417645;"06"
"imajing";"INITIA";"NUMÉRIQUE DEEP TECH";53;3;"../Data/vague_1_6/i-nov-palmar-s-vague-3-19081.pdf";"2019";"2022";768525;345836;"31"
"Inalve";"DEMETRA";"EFFICACITÉ EN ÉNERGIE ET EN RESSOURCES";16;3;"../Data/vague_1_6/i-nov-palmar-s-vague-3-19081.pdf";"2019";"2021";2100000;951834;"06"
"Kleros";"Themis";"NUMÉRIQUE DEEP TECH";49;3;"../Data/vague_1_6/i-nov-palmar-s-vague-3-19081.pdf";"2019";"2021";1595594;718017;"75"
"LODIAG";"HydroScreen";"EAU ET BIODIVERSITÉ";11;3;"../Data/vague_1_6/i-nov-palmar-s-vague-3-19081.pdf";"2020";"2022";1700000;778656;"68"
"MaaT Pharma";"FORM";"SANTÉ - BIOPRODUCTION";58;3;"../Data/vague_1_6/i-nov-palmar-s-vague-3-19081.pdf";"2019";"2020";954272;429422;"69"
"MAbSilico SAS";"MABSI CI V3";"SANTÉ BIOPRODUCTION";59;3;"../Data/vague_1_6/i-nov-palmar-s-vague-3-19081.pdf";"2019";"2022";2293794;103227;"37"
"METRON";"EVA 4.0";"EFFICACITÉ EN ÉNERGIE ET EN RESSOURCES";17;3;"../Data/vague_1_6/i-nov-palmar-s-vague-3-19081.pdf";"2020";"2022";4300000;895918;"75"
"Mipsology";"ZEBRA-2019c";"NUMÉRIQUE DEEP TECH";54;3;"../Data/vague_1_6/i-nov-palmar-s-vague-3-19081.pdf";"2019";"2021";3751776;1688299;"91"
"NOVITOM";"3D-NEXCT";"NUMÉRIQUE DEEP TECH";55;3;"../Data/vague_1_6/i-nov-palmar-s-vague-3-19081.pdf";"2019";"2021";773385;348023;"38"
"PAT";"HERBISCAN";"AGRICULTURE INNOVANTE";70;3;"../Data/vague_1_6/i-nov-palmar-s-vague-3-19081.pdf";"2020";"2022";1500000;661000;NA
"PATHOQUEST";"METAGENOMIXX";"SANTÉ - BIOPRODUCTION";60;3;"../Data/vague_1_6/i-nov-palmar-s-vague-3-19081.pdf";"2019";"2021";948552;426848;"75"
"SABI AGRI";"META";"AGRICULTURE INNOVANTE";71;3;"../Data/vague_1_6/i-nov-palmar-s-vague-3-19081.pdf";"2019";"2022";753000;338000;NA
"SAS Pikcio Services";"PikcioLab";"NUMÉRIQUE DEEP TECH";56;3;"../Data/vague_1_6/i-nov-palmar-s-vague-3-19081.pdf";"2019";"2020";760511;342229;"34"
"Sereema SA";"Windfit 03";"ÉNERGIES RENOUVELABLES, STOCKAGE ET SYSTÈMES ÉNERGÉTIQUES";21;3;"../Data/vague_1_6/i-nov-palmar-s-vague-3-19081.pdf";"2019";"2022";643570;289606;"34"
"Seva Technologies";"ARGESTE";"TRANSPORT ET MOBILITÉ DURABLE";34;3;"../Data/vague_1_6/i-nov-palmar-s-vague-3-19081.pdf";"2019";"2020";999912;449646;"75"
"SKIPPER NDT";"2SMI";"FRENCH FAB";42;3;"../Data/vague_1_6/i-nov-palmar-s-vague-3-19081.pdf";"2019";"2021";832793;374756;"75"
"Smart Immune";"SmarTCellAUTOMATED";"SANTÉ BIOPRODUCTION";61;3;"../Data/vague_1_6/i-nov-palmar-s-vague-3-19081.pdf";"2020";"2022";4188139;1884662;"75"
"SolarCloth System";"EARN";"ÉNERGIES RENOUVELABLES, STOCKAGE ET SYSTÈMES ÉNERGÉTIQUES";22;3;"../Data/vague_1_6/i-nov-palmar-s-vague-3-19081.pdf";"2019";"2021";836793;254243;"06"
"SPIREC";"RETIS";"ÉNERGIES RENOUVELABLES, STOCKAGE ET SYSTÈMES ÉNERGÉTIQUES";23;3;"../Data/vague_1_6/i-nov-palmar-s-vague-3-19081.pdf";"2019";"2022";997020;435159;"78"
"SQUADRONE SYSTEM";"DIVA";"TRANSPORT ET MOBILITÉ DURABLE";35;3;"../Data/vague_1_6/i-nov-palmar-s-vague-3-19081.pdf";"2019";"2021";841160;378522;"38"
"Stem Genomics";"DigiCell";"SANTÉ - BIOPRODUCTION";62;3;"../Data/vague_1_6/i-nov-palmar-s-vague-3-19081.pdf";"2020";"2021";940292;423131;"34"
"SWEETCH Energy";"SARBACANNE";"ÉNERGIES RENOUVELABLES, STOCKAGE ET SYSTÈMES ÉNERGÉTIQUES";24;3;"../Data/vague_1_6/i-nov-palmar-s-vague-3-19081.pdf";"2020";"2023";4,4e+12;1900000;"35"
"TREEFROG THERAPEUTICS";"TFT SU";"SANTÉ - BIOPRODUCTION";63;3;"../Data/vague_1_6/i-nov-palmar-s-vague-3-19081.pdf";"2019";"2021";998953;449528;"33"
"UTTI";"CORAIL";"FRENCH FAB";43;3;"../Data/vague_1_6/i-nov-palmar-s-vague-3-19081.pdf";"2019";"2021";522079;182727;"59"
"VATES";"XCP-ng Shield";"SÉCURITÉ CYBERSÉCURITÉ";66;3;"../Data/vague_1_6/i-nov-palmar-s-vague-3-19081.pdf";"2019";"2022";2706900;1218105;"38"
"VEL'CO";"MOVE 2021";"TRANSPORT ET MOBILITÉ DURABLE";36;3;"../Data/vague_1_6/i-nov-palmar-s-vague-3-19081.pdf";"2019";"2021";977506;434591;"44"
"WATCHFROG";"PACQUE";"EAU ET BIODIVERSITÉ";10;3;"../Data/vague_1_6/i-nov-palmar-s-vague-3-19081.pdf";"2019";"2021";711768;320295;"91"
"ZOO TECHNIC Group Elastoteck";"ZooTechnic";"AGRICULTURE INNOVANTE";69;3;"../Data/vague_1_6/i-nov-palmar-s-vague-3-19081.pdf";"2019";"2021";713000;249000;NA
"365Talents";"TAMARIN";"NUMÉRIQUE DEEP TECH";48;4;"../Data/vague_1_6/i-nov-palmar-s-vague-4-19078.pdf";"2019";"2021";1429059;643076;"69"
"Absolut System SAS";"CRYASSY";"ESPACE";39;4;"../Data/vague_1_6/i-nov-palmar-s-vague-4-19078.pdf";"2020";"2021";979592;440816;"38"
"ADAGOS";"GoS";"NUMÉRIQUE DEEP TECH";49;4;"../Data/vague_1_6/i-nov-palmar-s-vague-4-19078.pdf";"2020";"2022";864859;389186;"31"
"Agilcare CONSTRUCTION";"I-Dem";"TRANSITION ÉCOLOGIQUE APPLICATIONS JOP PARIS 2024";36;4;"../Data/vague_1_6/i-nov-palmar-s-vague-4-19078.pdf";"2020";"2022";632876;284794;"94"
"AKTID";"ABI.Expert";"ÉCONOMIE CIRCULAIRE";11;4;"../Data/vague_1_6/i-nov-palmar-s-vague-4-19078.pdf";"2020";"2022";998826;442367;"73"
"ANTOFENOL SAS";"ANTOXY";"ALIMENTATION INTELLIGENTE";75;4;"../Data/vague_1_6/i-nov-palmar-s-vague-4-19078.pdf";"2020";"2023";661000;298000;NA
"AXIOMA";"FORTI'VIGNE";"ADAPTATION AU CHANGEMENT CLIMATIQUE";7;4;"../Data/vague_1_6/i-nov-palmar-s-vague-4-19078.pdf";"2020";"2023";1100000;502902;"19"
"BIOSENCY";"APEX";"NUMÉRIQUE DEEP TECH";50;4;"../Data/vague_1_6/i-nov-palmar-s-vague-4-19078.pdf";"2020";"2023";1767835;795525;"35"
"Bulane";"BULANE LP2H";"PERFORMANCE ENVIRONNEMENTALE DES BÂTIMENTS";22;4;"../Data/vague_1_6/i-nov-palmar-s-vague-4-19078.pdf";"2020";"2022";995600;448020;"34"
"CampoSPHERE";"CampoSPHERE";"ÉCONOMIE CIRCULAIRE";12;4;"../Data/vague_1_6/i-nov-palmar-s-vague-4-19078.pdf";"2020";"2022";6e+05;270000;"92"
"Cap Collectif";"CIVIC-IA";"NUMÉRIQUE DEEP TECH";51;4;"../Data/vague_1_6/i-nov-palmar-s-vague-4-19078.pdf";"2020";"2021";893497;402073;"75"
"CeSigma SIGNALS & SYSTEMS";"C4WILD";"ADAPTATION AU CHANGEMENT CLIMATIQUE";8;4;"../Data/vague_1_6/i-nov-palmar-s-vague-4-19078.pdf";"2020";"2021";669400;301230;"83"
"COLLIN";"ROBOTOL 2";"SANTÉ – CHIRURGIE DU FUTUR";65;4;"../Data/vague_1_6/i-nov-palmar-s-vague-4-19078.pdf";"2019";"2022";771856;347335;"92"
"COMERSO";"So IE!";"ÉCONOMIE CIRCULAIRE";13;4;"../Data/vague_1_6/i-nov-palmar-s-vague-4-19078.pdf";"2020";"2023";982800;400680;"49"
"CONSTRUCTIONS COMPOSITES BOIS LIGNOROC";"LIGNOROC V2";"PERFORMANCE ENVIRONNEMENTALE DES BÂTIMENTS";24;4;"../Data/vague_1_6/i-nov-palmar-s-vague-4-19078.pdf";"2019";"2022";793060;259587;"38"
"DAVI";"JO'Han";"NUMÉRIQUE DEEP TECH – APPLICATIONS JOP PARIS 2024";61;4;"../Data/vague_1_6/i-nov-palmar-s-vague-4-19078.pdf";"2020";"2022";887280;NA;"91"
"DeepOR S.A.S";"NEXT-Blue";"SANTÉ – CHIRURGIE DU FUTUR";66;4;"../Data/vague_1_6/i-nov-palmar-s-vague-4-19078.pdf";"2020";"2021";997610;448924;"75"
"Earthcube";"DDFake";"NUMÉRIQUE DEEP TECH";52;4;"../Data/vague_1_6/i-nov-palmar-s-vague-4-19078.pdf";"2020";"2021";987840;444528;"75"
"ENOSIS";"BIMOTEP";"ÉCONOMIE CIRCULAIRE";14;4;"../Data/vague_1_6/i-nov-palmar-s-vague-4-19078.pdf";"2020";"2022";923842;415729;"31"
"ESTHESIX";"PND-XP";"NUMÉRIQUE DEEP TECH – APPLICATIONS JOP PARIS 2024";63;4;"../Data/vague_1_6/i-nov-palmar-s-vague-4-19078.pdf";"2020";"2021";994000;NA;"75"
"GECKO BIOMEDICAL SA";"IDEAS TISSIUM";"SANTÉ – CHIRURGIE DU FUTUR";67;4;"../Data/vague_1_6/i-nov-palmar-s-vague-4-19078.pdf";"2019";"2022";4948111;2226649;"75"
"GEOCORAIL SAS";"BLIREM";"ADAPTATION AU CHANGEMENT CLIMATIQUE";9;4;"../Data/vague_1_6/i-nov-palmar-s-vague-4-19078.pdf";"2020";"2021";895867;403140;"13"
"GEOTWIN";"JO_FlowRegulation";"NUMÉRIQUE DEEP TECH – APPLICATIONS JOP PARIS 2024";62;4;"../Data/vague_1_6/i-nov-palmar-s-vague-4-19078.pdf";"2019";"2020";677005;304652;"75"
"GREEN SPOT TECHNOLOGIE";"GreenSpot";"ALIMENTATION INTELLIGENTE";76;4;"../Data/vague_1_6/i-nov-palmar-s-vague-4-19078.pdf";"2019";"2021";8e+05;4e+05;NA
"GreenBig";"B-BOT";"ÉCONOMIE CIRCULAIRE";15;4;"../Data/vague_1_6/i-nov-palmar-s-vague-4-19078.pdf";"2020";"2021";1300000;506700;"76"
"HESUS";"HESUS TRANSPORT";"TRANSITION ÉCOLOGIQUE APPLICATIONS JOP PARIS 2024";35;4;"../Data/vague_1_6/i-nov-palmar-s-vague-4-19078.pdf";"2019";"2021";878580;395361;"94"
"Homeys";"ODADRE";"PERFORMANCE ENVIRONNEMENTALE DES BÂTIMENTS";23;4;"../Data/vague_1_6/i-nov-palmar-s-vague-4-19078.pdf";"2020";"2021";921625;414732;"75"
"HYPNO VR";"HYPNOVR Pro";"SANTÉ – CHIRURGIE DU FUTUR";68;4;"../Data/vague_1_6/i-nov-palmar-s-vague-4-19078.pdf";"2020";"2022";905556;407500;"67"
"kheoos";"AVISER";"ÉCONOMIE CIRCULAIRE";16;4;"../Data/vague_1_6/i-nov-palmar-s-vague-4-19078.pdf";"2020";"2022";668000;300600;"38"
"Klaxit";"CAAS";"VILLE EN TRANSITION";29;4;"../Data/vague_1_6/i-nov-palmar-s-vague-4-19078.pdf";"2019";"2021";990435;445696;"75"
"LA COMPAGNIE DES MOBILITÉS Geovelo";"GEO SMART CITY PLUS";"VILLE EN TRANSITION";30;4;"../Data/vague_1_6/i-nov-palmar-s-vague-4-19078.pdf";"2020";"2021";812420;365580;"37"
"LATTICE MEDICAL";"3D BIOFARM";"SANTÉ – CHIRURGIE DU FUTUR";69;4;"../Data/vague_1_6/i-nov-palmar-s-vague-4-19078.pdf";"2020";"2022";1799005;809552;"59"
"Lili.ai";"LILI KG";"NUMÉRIQUE DEEP TECH";53;4;"../Data/vague_1_6/i-nov-palmar-s-vague-4-19078.pdf";"2019";"2020";948684;426907;"75"
"LMP SAS";"Goodwill";"NUMÉRIQUE DEEP TECH";54;4;"../Data/vague_1_6/i-nov-palmar-s-vague-4-19078.pdf";"2019";"2020";1490857;670885;"75"
"M4D TREEGRAM";"TREEGRAM";"PERFORMANCE ENVIRONNEMENTALE DES BÂTIMENTS";25;4;"../Data/vague_1_6/i-nov-palmar-s-vague-4-19078.pdf";"2020";"2022";1900000;797676;"69"
"MASTOR";"MastOR Cobot";"SANTÉ – CHIRURGIE DU FUTUR";70;4;"../Data/vague_1_6/i-nov-palmar-s-vague-4-19078.pdf";"2020";"2022";4341832;1953824;"75"
"Materr'UP";"I-NOVATERRE";"PERFORMANCE ENVIRONNEMENTALE DES BÂTIMENTS";26;4;"../Data/vague_1_6/i-nov-palmar-s-vague-4-19078.pdf";"2020";"2021";994724;411156;"40"
"MicrodB";"DBFLASH";"VILLE EN TRANSITION";31;4;"../Data/vague_1_6/i-nov-palmar-s-vague-4-19078.pdf";"2020";"2023";639900;257580;"69"
"NATURAL GRASS";"AQUAFLOW";"TRANSITION ÉCOLOGIQUE APPLICATIONS JOP PARIS 2024";33;4;"../Data/vague_1_6/i-nov-palmar-s-vague-4-19078.pdf";"2020";"2022";993700;447165;"91"
"Néolithe";"FOSSILISATEUR";"ÉCONOMIE CIRCULAIRE";17;4;"../Data/vague_1_6/i-nov-palmar-s-vague-4-19078.pdf";"2019";"2020";872935;374934;"49"
"OXXIUS SA";"laMI";"FRENCH FAB – MATÉRIAUX INNOVANTS";44;4;"../Data/vague_1_6/i-nov-palmar-s-vague-4-19078.pdf";"2020";"2022";973940;438273;"22"
"Pellenc ST";"PICQ";"ÉCONOMIE CIRCULAIRE";18;4;"../Data/vague_1_6/i-nov-palmar-s-vague-4-19078.pdf";"2019";"2022";2900000;1e+06;"84"
"PIXEE MEDICAL";"AUREO";"SANTÉ – CHIRURGIE DU FUTUR";71;4;"../Data/vague_1_6/i-nov-palmar-s-vague-4-19078.pdf";"2019";"2022";2825666;1271549;"25"
"PIXSTART";"Woodwatch byPixstart";"ESPACE";40;4;"../Data/vague_1_6/i-nov-palmar-s-vague-4-19078.pdf";"2020";"2022";687690;309460;"31"
"Poly to Poly";"POLY TO POLY";"ÉCONOMIE CIRCULAIRE";19;4;"../Data/vague_1_6/i-nov-palmar-s-vague-4-19078.pdf";"2019";"2022";824911;371210;"45"
"QC WARE FRANCE SAS";"QML";"NUMÉRIQUE DEEP TECH";55;4;"../Data/vague_1_6/i-nov-palmar-s-vague-4-19078.pdf";"2020";"2021";997000;NA;"75"
"SANCARE";"S.P.E.C.";"NUMÉRIQUE DEEP TECH";56;4;"../Data/vague_1_6/i-nov-palmar-s-vague-4-19078.pdf";"2020";"2021";952166;428474;"75"
"SARL DRACULA Technologies";"LAYER 2.0";"FRENCH FAB – MATÉRIAUX INNOVANTS";45;4;"../Data/vague_1_6/i-nov-palmar-s-vague-4-19078.pdf";"2020";"2022";862843;388279;"26"
"SAS Consilium";"NeuroChain";"NUMÉRIQUE DEEP TECH";57;4;"../Data/vague_1_6/i-nov-palmar-s-vague-4-19078.pdf";"2020";NA;605858;272636;"75"
"Separative";"i-Purification";"FRENCH FAB - MATÉRIAUX INNOVANTS";46;4;"../Data/vague_1_6/i-nov-palmar-s-vague-4-19078.pdf";"2019";"2021";894270;402421;"69"
"SIM&CURE";"SENUTREN";"SANTÉ - CHIRURGIE DU FUTUR";72;4;"../Data/vague_1_6/i-nov-palmar-s-vague-4-19078.pdf";"2020";"2023";1152899;518804;"34"
"SODITECH";"L.A.S.E.R";"ESPACE";41;4;"../Data/vague_1_6/i-nov-palmar-s-vague-4-19078.pdf";"2020";"2021";981473;441662;"06"
"SolZero";"BOUCLONS !";"TRANSITION ÉCOLOGIQUE APPLICATIONS JOP PARIS 2024";34;4;"../Data/vague_1_6/i-nov-palmar-s-vague-4-19078.pdf";"2019";"2021";959769;431896;"75"
"SYRLINKS";"SynchroCube";"ESPACE";42;4;"../Data/vague_1_6/i-nov-palmar-s-vague-4-19078.pdf";"2020";"2023";2843749;995312;"35"
"Techniwood";"MANTOBLOC";"PERFORMANCE ENVIRONNEMENTALE DES BÂTIMENTS";27;4;"../Data/vague_1_6/i-nov-palmar-s-vague-4-19078.pdf";"2020";"2021";726219;254177;"74"
"United Visual Researchers";"SPAM";"NUMÉRIQUE DEEP TECH";58;4;"../Data/vague_1_6/i-nov-palmar-s-vague-4-19078.pdf";"2020";"2021";602228;271002;"75"
"VALAME";"VALAME";"ÉCONOMIE CIRCULAIRE";20;4;"../Data/vague_1_6/i-nov-palmar-s-vague-4-19078.pdf";"2020";"2021";1600000;637401;"59"
"VIRTUALISURG";"SURGXPERT";"SANTÉ - CHIRURGIE DU FUTUR";73;4;"../Data/vague_1_6/i-nov-palmar-s-vague-4-19078.pdf";"2019";"2020";631137;284011;"92"
"VOGO";"IA5";"NUMÉRIQUE DEEP TECH";59;4;"../Data/vague_1_6/i-nov-palmar-s-vague-4-19078.pdf";"2020";"2023";3991755;1769289;"34"
"WeCo";"WeCol'eau";"TRANSITION ÉCOLOGIQUE APPLICATIONS JOP PARIS 2024";37;4;"../Data/vague_1_6/i-nov-palmar-s-vague-4-19078.pdf";"2020";"2022";1800000;807279;"94"
"ZERO GACHIS";"EPSILON";"ALIMENTATION INTELLIGENTE";77;4;"../Data/vague_1_6/i-nov-palmar-s-vague-4-19078.pdf";"2020";"2021";1300000;592000;NA
"ACDO";"POPOTTE DUCK";"ALIMENTATION DURABLE POUR LA SANTÉ";45;5;"../Data/vague_1_6/i-nov-palmar-s-vague-5-19075.pdf";"2020";"2022";687008;309153;"69"
"Acticor Biotech";"STIFTH";"SANTÉ SITUATIONS D’URGENCES";87;5;"../Data/vague_1_6/i-nov-palmar-s-vague-5-19075.pdf";"2020";"2022";4193616;1887126;"75"
"Actility";"3I2S";"FRENCH FAB INDUSTRIE DU FUTUR";60;5;"../Data/vague_1_6/i-nov-palmar-s-vague-5-19075.pdf";"2020";"2023";3857234;1350031;"75"
"ADV PROPULSE";"Propulse HB";"TRANSPORT ET MOBILITÉ DURABLE";32;5;"../Data/vague_1_6/i-nov-palmar-s-vague-5-19075.pdf";"2020";"2021";808270;345536;"33"
"AKEO PLUS";"TRANSFORMERS";"FRENCH FAB INDUSTRIE DU FUTUR";61;5;"../Data/vague_1_6/i-nov-palmar-s-vague-5-19075.pdf";"2020";"2022";728119;327651;"01"
"Agriconnect";"Cclair";"INDUSTRIE ET AGRICULTURE ÉCO-EFFICIENTES";22;5;"../Data/vague_1_6/i-nov-palmar-s-vague-5-19075.pdf";"2020";"2023";910000;293846;"04"
"alphée développement";"HPTS150";"TRANSPORT ET MOBILITÉ DURABLE";33;5;"../Data/vague_1_6/i-nov-palmar-s-vague-5-19075.pdf";"2020";"2022";990600;252116;"69"
"AUREA TECHNOLOGY";"QUALIPSO";"NUMÉRIQUE DEEP TECH";70;5;"../Data/vague_1_6/i-nov-palmar-s-vague-5-19075.pdf";"2020";"2023";935760;421092;"25"
"Avicenna.ai";"CINA TBI";"SANTÉ SITUATIONS D’URGENCES";88;5;"../Data/vague_1_6/i-nov-palmar-s-vague-5-19075.pdf";"2020";"2022";987960;444582;"13"
"AX SYSTEM";"AX SOLAR ROBOT";"ENERGIES RENOUVELABLES, STOCKAGE ET SYSTÈMES ÉNERGÉTIQUES";11;5;"../Data/vague_1_6/i-nov-palmar-s-vague-5-19075.pdf";"2020";"2022";812245;333819;"59"
"BeeBryte";"ScalaBEE";"INDUSTRIE ET AGRICULTURE ÉCO-EFFICIENTES";23;5;"../Data/vague_1_6/i-nov-palmar-s-vague-5-19075.pdf";"2020";"2022";759800;324815;"69"
"BeFC";"SATURN";"ÉNERGIES RENOUVELABLES, STOCKAGE ET SYSTÈMES ÉNERGÉTIQUES";12;5;"../Data/vague_1_6/i-nov-palmar-s-vague-5-19075.pdf";"2020";"2022";849108;362993;"38"
"BIODIS SAS";"FRIEND";"ALIMENTATION DURABLE POUR LA SANTÉ";46;5;"../Data/vague_1_6/i-nov-palmar-s-vague-5-19075.pdf";"2020";"2022";979676;440853;"49"
"BIOINSPIR";"ECOCATALYSE";"INDUSTRIE ET AGRICULTURE ÉCO-EFFICIENTES";24;5;"../Data/vague_1_6/i-nov-palmar-s-vague-5-19075.pdf";"2020";"2021";943789;403470;"92"
"BioSCO";"OSCAR";"INDUSTRIE ET AGRICULTURE ÉCO-EFFICIENTES";25;5;"../Data/vague_1_6/i-nov-palmar-s-vague-5-19075.pdf";"2020";"2022";675160;285656;"60"
"Centiloc";"PARTITION";"FRENCH FAB INDUSTRIE DU FUTUR";62;5;"../Data/vague_1_6/i-nov-palmar-s-vague-5-19075.pdf";"2020";"2022";757854;341034;"13"
"COSMIAN TECH";"CRYPTO-4-CTI";"CYBERSÉCURITÉ";53;5;"../Data/vague_1_6/i-nov-palmar-s-vague-5-19075.pdf";"2020";"2022";976244;439308;"75"
"Crocosgodigital";"ADREC";"NUMÉRIQUE DEEP TECH";71;5;"../Data/vague_1_6/i-nov-palmar-s-vague-5-19075.pdf";"2020";"2022";910304;409635;"13"
"DAM GROUP";"CVM universel modulaire";"TRANSPORT ET MOBILITÉ DURABLE";34;5;"../Data/vague_1_6/i-nov-palmar-s-vague-5-19075.pdf";"2020";"2022";724400;240863;"69"
"DAWEX";"Dawex";"NUMÉRIQUE DEEP TECH";72;5;"../Data/vague_1_6/i-nov-palmar-s-vague-5-19075.pdf";"2020";"2022";3026334;1361850;"69"
"Deepomatic";"LOOP AI";"NUMÉRIQUE DEEP TECH";73;5;"../Data/vague_1_6/i-nov-palmar-s-vague-5-19075.pdf";"2020";"2022";2640692;1188309;"75"
"DEFACTO TECHNOLOGIES";"GALAXY";"NUMÉRIQUE DEEP TECH";74;5;"../Data/vague_1_6/i-nov-palmar-s-vague-5-19075.pdf";"2020";"2023";2055000;924750;"38"
"DRY4GOOD";"R&D Indus";"ALIMENTATION DURABLE POUR LA SANTÉ";47;5;"../Data/vague_1_6/i-nov-palmar-s-vague-5-19075.pdf";"2020";"2022";653278;293973;"92"
"E-Mersiv";"HIT Battery";"ÉNERGIES RENOUVELABLES, STOCKAGE ET SYSTÈMES ÉNERGÉTIQUES";13;5;"../Data/vague_1_6/i-nov-palmar-s-vague-5-19075.pdf";"2020";"2021";984389;408160;"33"
"E-Scopics";"DEUS";"SANTÉ SITUATIONS D’URGENCES";89;5;"../Data/vague_1_6/i-nov-palmar-s-vague-5-19075.pdf";"2021";"2023";2553252;1148961;"13"
"Ecov";"ByTheWay";"TRANSPORT ET MOBILITÉ DURABLE";35;5;"../Data/vague_1_6/i-nov-palmar-s-vague-5-19075.pdf";"2020";"2023";3976482;1789417;"93"
"ELA Innovation";"SMILI";"FRENCH FAB INDUSTRIE DU FUTUR";63;5;"../Data/vague_1_6/i-nov-palmar-s-vague-5-19075.pdf";"2020";"2022";837863;377037;"34"
"Energiency";"AI4Factory";"INDUSTRIE ET AGRICULTURE ÉCO-EFFICIENTES";26;5;"../Data/vague_1_6/i-nov-palmar-s-vague-5-19075.pdf";"2021";"2022";956000;337910;"35"
"ENOVASENSE";"MELITA";"FRENCH FAB INDUSTRIE DU FUTUR";64;5;"../Data/vague_1_6/i-nov-palmar-s-vague-5-19075.pdf";"2020";"2022";648174;291678;"94"
"Eurevia";"UHMF";"TRANSPORT ET MOBILITÉ DURABLE";36;5;"../Data/vague_1_6/i-nov-palmar-s-vague-5-19075.pdf";"2020";"2022";953184;428933;"13"
"Everysens";"RAILSENS";"TRANSPORT ET MOBILITÉ DURABLE";37;5;"../Data/vague_1_6/i-nov-palmar-s-vague-5-19075.pdf";"2020";"2021";835750;357284;"59"
"FITTINGBOX";"FittingBox VISIO";"NUMÉRIQUE DEEP TECH";75;5;"../Data/vague_1_6/i-nov-palmar-s-vague-5-19075.pdf";"2020";"2022";3944374;1380528;"31"
"GATEWATCHER";"INSPECTRA";"CYBERSÉCURITÉ";54;5;"../Data/vague_1_6/i-nov-palmar-s-vague-5-19075.pdf";"2020";"2022";3593063;1616877;"75"
"GAUSSIN";"Logistic_H2";"TRANSPORT ET MOBILITÉ DURABLE";38;5;"../Data/vague_1_6/i-nov-palmar-s-vague-5-19075.pdf";"2020";"2021";985450;327662;"70"
"GITGUARDIAN";"SCI2P";"CYBERSÉCURITÉ";55;5;"../Data/vague_1_6/i-nov-palmar-s-vague-5-19075.pdf";"2020";"2023";2682000;1206900;"75"
"GRAPHEAL";"VIRALPASS";"SANTÉ SITUATIONS D’URGENCES";90;5;"../Data/vague_1_6/i-nov-palmar-s-vague-5-19075.pdf";"2020";"2021";965160;434322;"38"
"GREEN IMPULSE";"SENSITINES";"INDUSTRIE ET AGRICULTURE ÉCO-EFFICIENTES";27;5;"../Data/vague_1_6/i-nov-palmar-s-vague-5-19075.pdf";"2020";"2023";2250000;702102;"49"
"GREENMOT";"GREEN-eBUS";"TRANSPORT ET MOBILITÉ DURABLE";39;5;"../Data/vague_1_6/i-nov-palmar-s-vague-5-19075.pdf";"2020";"2022";2343304;1054487;"69"
"Harfanglab";"EDR Harfanglab";"CYBERSÉCURITÉ";56;5;"../Data/vague_1_6/i-nov-palmar-s-vague-5-19075.pdf";"2020";"2021";949361;427212;"75"
"Hera-MI";"BreastInsightLinker";"NUMÉRIQUE DEEP TECH";76;5;"../Data/vague_1_6/i-nov-palmar-s-vague-5-19075.pdf";"2020";"2022";633975;285288;"44"
"Hevatech";"AMETIS";"ÉNERGIES RENOUVELABLES, STOCKAGE ET SYSTÈMES ÉNERGÉTIQUES";14;5;"../Data/vague_1_6/i-nov-palmar-s-vague-5-19075.pdf";"2020";"2022";920000;370496;"26"
"HYCCO";"Hydrogen Carbon Compo nents";"ÉNERGIES RENOUVELABLES, STOCKAGE ET SYSTÈMES ÉNERGÉTIQUES";15;5;"../Data/vague_1_6/i-nov-palmar-s-vague-5-19075.pdf";"2020";"2022";1961853;567248;"31"
"IADYS";"Sea-net 3.0";"EAU ET BIODIVERSITÉ";7;5;"../Data/vague_1_6/i-nov-palmar-s-vague-5-19075.pdf";"2020";"2022";761087;325364;"13"
"IDMOG";"AI-AFC";"FRENCH FAB INDUSTRIE DU FUTUR";65;5;"../Data/vague_1_6/i-nov-palmar-s-vague-5-19075.pdf";"2020";"2021";986563;443952;"33"
"INTEGRATIVE PHENOMICS";"IMPACTs Obésité";"ALIMENTATION DURABLE POUR LA SANTÉ";48;5;"../Data/vague_1_6/i-nov-palmar-s-vague-5-19075.pdf";"2020";"2021";999848;449931;"75"
"ISYBOT";"COCI";"FRENCH FAB INDUSTRIE DU FUTUR";66;5;"../Data/vague_1_6/i-nov-palmar-s-vague-5-19075.pdf";"2020";"2022";913682;411156;"91"
"JPB SYSTEME";"KEYPROD";"FRENCH FAB INDUSTRIE DU FUTUR";67;5;"../Data/vague_1_6/i-nov-palmar-s-vague-5-19075.pdf";"2020";"2021";1757093;614982;"77"
"Kemica coatings";"KECOR";"INDUSTRIE ET AGRICULTURE ÉCO-EFFICIENTES";28;5;"../Data/vague_1_6/i-nov-palmar-s-vague-5-19075.pdf";"2020";"2022";960763;410727;"28"
"LINAGORA";"Work@Home";"NUMÉRIQUE DEEP TECH";77;5;"../Data/vague_1_6/i-nov-palmar-s-vague-5-19075.pdf";"2020";"2023";4164151;1457451;"92"
"MILVUE";"ML-Emergency-Suite";"SANTÉ SITUATIONS D’URGENCES";91;5;"../Data/vague_1_6/i-nov-palmar-s-vague-5-19075.pdf";"2020";"2022";639428;287742;"75"
"MyMedicalAssistant";"iAudiogram";"NUMÉRIQUE DEEP TECH";78;5;"../Data/vague_1_6/i-nov-palmar-s-vague-5-19075.pdf";"2020";"2023";825950;371676;"51"
"Né d’une seule ferme";"Industrie Modulaire";"ALIMENTATION DURABLE POUR LA SANTÉ";49;5;"../Data/vague_1_6/i-nov-palmar-s-vague-5-19075.pdf";"2020";"2023";986400;443880;"75"
"Oasis Smart Sim Europe";"VELIOS";"NUMÉRIQUE DEEP TECH";79;5;"../Data/vague_1_6/i-nov-palmar-s-vague-5-19075.pdf";"2020";"2022";907310;408288;"78"
"OpenAirlines";"SkyBreathe for ATM";"TRANSPORT ET MOBILITÉ DURABLE";40;5;"../Data/vague_1_6/i-nov-palmar-s-vague-5-19075.pdf";"2020";"2022";982653;420084;"31"
"ORIXHA";"Vent2Cool";"SANTÉ SITUATIONS D’URGENCES";92;5;"../Data/vague_1_6/i-nov-palmar-s-vague-5-19075.pdf";"2021";"2023";4814000;2166300;"94"
"PLENESYS";"HyPlasma";"ÉNERGIES RENOUVELABLES, STOCKAGE ET SYSTÈMES ÉNERGÉTIQUES";16;5;"../Data/vague_1_6/i-nov-palmar-s-vague-5-19075.pdf";"2020";"2021";880754;376522;"06"
"PowerUp";"SKIPPER BOX";"ÉNERGIES RENOUVELABLES, STOCKAGE ET SYSTÈMES ÉNERGÉTIQUES";18;5;"../Data/vague_1_6/i-nov-palmar-s-vague-5-19075.pdf";"2020";"2022";643000;275115;"93"
"PROCSEA";"PROCSEA-HUB";"ALIMENTATION DURABLE POUR LA SANTÉ";50;5;"../Data/vague_1_6/i-nov-palmar-s-vague-5-19075.pdf";"2020";"2022";1566863;548400;"35"
"QUCIT SAS Smartesting";"QUCIT COMFORT";"NUMÉRIQUE DEEP TECH";80;5;"../Data/vague_1_6/i-nov-palmar-s-vague-5-19075.pdf";"2020";"2022";1457930;656067;"33"
"Redberry";"REDWATERS";"EAU ET BIODIVERSITÉ";8;5;"../Data/vague_1_6/i-nov-palmar-s-vague-5-19075.pdf";"2020";"2022";954279;407955;"67"
"RetroFleet";"RESET";"TRANSPORT ET MOBILITÉ DURABLE";41;5;"../Data/vague_1_6/i-nov-palmar-s-vague-5-19075.pdf";"2020";"2022";952000;406980;"38"
"Roseau Technologies";"RACCOFLEX-BT";"ÉNERGIES RENOUVELABLES, STOCKAGE ET SYSTÈMES ÉNERGÉTIQUES";17;5;"../Data/vague_1_6/i-nov-palmar-s-vague-5-19075.pdf";"2021";"2023";750070;283076;"38"
"Scortex";"DEEPCAD";"FRENCH FAB INDUSTRIE DU FUTUR";68;5;"../Data/vague_1_6/i-nov-palmar-s-vague-5-19075.pdf";"2020";"2023";1388252;624711;"92"
"SEKOIA";"Intelligence Node";"CYBERSÉCURITÉ";57;5;"../Data/vague_1_6/i-nov-palmar-s-vague-5-19075.pdf";"2020";"2022";991503;446175;"35"
"SESAME IT";"LOKI ML";"CYBERSÉCURITÉ";58;5;"../Data/vague_1_6/i-nov-palmar-s-vague-5-19075.pdf";"2020";"2022";990382;445671;"92"
"Smartesting";"DeepQA";"NUMÉRIQUE DEEP TECH";81;5;"../Data/vague_1_6/i-nov-palmar-s-vague-5-19075.pdf";"2020";"2021";742704;334215;"93"
"SPACEABLE";"METEORA";"NUMÉRIQUE DEEP TECH";82;5;"../Data/vague_1_6/i-nov-palmar-s-vague-5-19075.pdf";"2020";"2022";1876090;844239;"75"
"SpotLight";"GROOT";"NUMÉRIQUE DEEP TECH";83;5;"../Data/vague_1_6/i-nov-palmar-s-vague-5-19075.pdf";"2020";"2023";805009;362253;"91"
"Stockage plus";"LUMI";"TRANSPORT ET MOBILITÉ DURABLE";42;5;"../Data/vague_1_6/i-nov-palmar-s-vague-5-19075.pdf";"2020";"2023";988080;422404;"75"
"Tellux";"THSL 20-20";"EAU ET BIODIVERSITÉ";9;5;"../Data/vague_1_6/i-nov-palmar-s-vague-5-19075.pdf";"2020";"2022";997819;426568;"76"
"Telma";"HIB";"TRANSPORT ET MOBILITÉ DURABLE";43;5;"../Data/vague_1_6/i-nov-palmar-s-vague-5-19075.pdf";"2020";"2022";2432756;797813;"95"
"TerraNIS";"AGREEO";"INDUSTRIE ET AGRICULTURE ÉCO-EFFICIENTES";29;5;"../Data/vague_1_6/i-nov-palmar-s-vague-5-19075.pdf";"2020";"2022";965000;280726;"31"
"toopi organics";"RECYCLUR";"INDUSTRIE ET AGRICULTURE ÉCO-EFFICIENTES";30;5;"../Data/vague_1_6/i-nov-palmar-s-vague-5-19075.pdf";"2021";"2022";977115;404503;"33"
"VALOREX";"MAIA";"ALIMENTATION DURABLE POUR LA SANTÉ";51;5;"../Data/vague_1_6/i-nov-palmar-s-vague-5-19075.pdf";"2020";"2023";2896064;1013622;"35"
"VeriQloud";"HyQloud";"NUMÉRIQUE DEEP TECH";84;5;"../Data/vague_1_6/i-nov-palmar-s-vague-5-19075.pdf";"2020";"2022";972879;437793;"92"
"VMPS CORPORATION";"MATHIA";"NUMÉRIQUE DEEP TECH";85;5;"../Data/vague_1_6/i-nov-palmar-s-vague-5-19075.pdf";"2020";"2022";961485;432666;"64"
"VSM S.A";"SIAM";"SANTÉ SITUATIONS D’URGENCES";93;5;"../Data/vague_1_6/i-nov-palmar-s-vague-5-19075.pdf";"2020";"2022";662233;298004;"13"
"Waga Energy";"WHIPE";"ÉNERGIES RENOUVELABLES, STOCKAGE ET SYSTÈMES ÉNERGÉTIQUES";19;5;"../Data/vague_1_6/i-nov-palmar-s-vague-5-19075.pdf";"2020";"2022";970920;311260;"38"
"Watt&Well";"UNCAGED";"ÉNERGIES RENOUVELABLES, STOCKAGE ET SYSTÈMES ÉNERGÉTIQUES";20;5;"../Data/vague_1_6/i-nov-palmar-s-vague-5-19075.pdf";"2020";"2023";4735704;2131067;"84"
"WOMED";"WOMED Hemostasis";"SANTÉ SITUATIONS D’URGENCES";94;5;"../Data/vague_1_6/i-nov-palmar-s-vague-5-19075.pdf";"2020";"2022";963282;433476;"34"
"Amiral Technologies";"P2_AI4";"NUMÉRIQUE DEEP TECH";41;6;"../Data/vague_1_6/i-nov-palmar-s-vague-6-19072.pdf";"2021";"2023";2626127;1181757;"38"
"ARSKAN";"MoVI3D";"NUMÉRIQUE DEEP TECH";42;6;"../Data/vague_1_6/i-nov-palmar-s-vague-6-19072.pdf";"2021";"2023";759340;341703;"69"
"Atawey";"MOBHYL";"HYDROGÈNE";20;6;"../Data/vague_1_6/i-nov-palmar-s-vague-6-19072.pdf";"2020";"2022";984279;442926;"73"
"AXIONABLE";"SWITCH";"ADAPTATION DES TERRITOIRES AU CHANGEMENT CLIMATIQUE ET MÉTROLOGIE DES EXPOSITIONS ENVIRONNEMENTALES";7;6;"../Data/vague_1_6/i-nov-palmar-s-vague-6-19072.pdf";"2021";"2022";1966100;884745;"75"
"Batiprint3D";"RoBETICS";"PERFORMANCE ENVIRONNEMENTALE DES BÂTIMENTS";25;6;"../Data/vague_1_6/i-nov-palmar-s-vague-6-19072.pdf";"2021";"2023";611832;275324;"44"
"Be Energy";"REGEN PULSE";"ÉCONOMIE CIRCULAIRE";14;6;"../Data/vague_1_6/i-nov-palmar-s-vague-6-19072.pdf";"2020";"2023";759600;341820;"84"
"Blockchain Certified Dat";"VC BY BCDIPLOMA";"NUMÉRIQUE DEEP TECH";43;6;"../Data/vague_1_6/i-nov-palmar-s-vague-6-19072.pdf";"2021";"2022";712997;320847;"92"
"BrightLoop Converters";"H2DC2";"HYDROGÈNE";21;6;"../Data/vague_1_6/i-nov-palmar-s-vague-6-19072.pdf";"2021";"2022";996668;448500;"75"
"CES WORKS";"ARGO-CUBE";"ESPACE";36;6;"../Data/vague_1_6/i-nov-palmar-s-vague-6-19072.pdf";"2021";"2024";957991;431094;"13"
"CIRCOULEUR";"CADENCE";"ÉCONOMIE CIRCULAIRE";15;6;"../Data/vague_1_6/i-nov-palmar-s-vague-6-19072.pdf";"2021";"2024";844467;378660;"33"
"Combo solutions";"Filtr";"PERFORMANCE ENVIRONNEMENTALE DES BÂTIMENTS";26;6;"../Data/vague_1_6/i-nov-palmar-s-vague-6-19072.pdf";"2021";"2022";929034;426345;"69"
"CONSTRUCTION 3D";"CONSTRUCTION LEDGER";"PERFORMANCE ENVIRONNEMENTALE DES BÂTIMENTS";27;6;"../Data/vague_1_6/i-nov-palmar-s-vague-6-19072.pdf";"2021";"2022";801980;360891;"59"
"Corner";"SyMoNab";"PERFORMANCE ENVIRONNEMENTALE DES BÂTIMENTS";28;6;"../Data/vague_1_6/i-nov-palmar-s-vague-6-19072.pdf";"2021";"2022";629740;283383;"33"
"Data Science Experts SES";"AIperion";"ESPACE";37;6;"../Data/vague_1_6/i-nov-palmar-s-vague-6-19072.pdf";"2021";"2024";804400;361980;"38"
"EQUIUM";"ACDC";"PERFORMANCE ENVIRONNEMENTALE DES BÂTIMENTS";29;6;"../Data/vague_1_6/i-nov-palmar-s-vague-6-19072.pdf";"2021";"2023";794937;357722;"44"
"FERLAM TECHNOLOGIES";"BOURRELET COUPE FEU ECO CONCU";"ÉCONOMIE CIRCULAIRE";16;6;"../Data/vague_1_6/i-nov-palmar-s-vague-6-19072.pdf";"2021";"2023";692970;311836;"59"
"FLODIM";"Hy-Wise";"HYDROGÈNE";22;6;"../Data/vague_1_6/i-nov-palmar-s-vague-6-19072.pdf";"2021";"2024";3549373;1577331;"04"
"G-LYTE";"G+LYTE 2.0";"RÉDUCTION DE L’EMPREINTE ÉCOLOGIQUE DU NUMÉRIQUE";57;6;"../Data/vague_1_6/i-nov-palmar-s-vague-6-19072.pdf";"2020";"2022";938117;422151;"80"
"GEN-HY";"AME-LYSE";"HYDROGÈNE";23;6;"../Data/vague_1_6/i-nov-palmar-s-vague-6-19072.pdf";"2021";"2023";694161;242956;"94"
"HEWEL SAS";"ImVisio-DP";"NUMÉRIQUE DEEP TECH";44;6;"../Data/vague_1_6/i-nov-palmar-s-vague-6-19072.pdf";"2021";"2023";720000;324000;"76"
"HOMIWOO";"SCAN’IMMO";"NUMÉRIQUE DEEP TECH";45;6;"../Data/vague_1_6/i-nov-palmar-s-vague-6-19072.pdf";"2021";"2023";956140;430263;"75"
"INGESPACE";"ARTEMIS";"ESPACE";38;6;"../Data/vague_1_6/i-nov-palmar-s-vague-6-19072.pdf";"2021";"2023";1859016;836556;"31"
"Inovadea";"SPEEED";"PERFORMANCE ENVIRONNEMENTALE DES BÂTIMENTS";30;6;"../Data/vague_1_6/i-nov-palmar-s-vague-6-19072.pdf";"2021";NA;665000;299250;"06"
"ISAHIT";"ISAHIT-AI";"NUMÉRIQUE DEEP TECH";46;6;"../Data/vague_1_6/i-nov-palmar-s-vague-6-19072.pdf";"2020";"2022";835432;375942;"94"
"Kimialys";"O2DIAG";"SANTÉ - SANTÉ MENTALE ET DIAGNOSTICS RAPIDES ET NOMADES";60;6;"../Data/vague_1_6/i-nov-palmar-s-vague-6-19072.pdf";"2021";"2023";1419814;638916;"75"
"LEANSPACE";"Leanspace-PaaS";"ESPACE";39;6;"../Data/vague_1_6/i-nov-palmar-s-vague-6-19072.pdf";"2021";"2022";994215;447396;"67"
"Lumedix";"Ramones";"SANTÉ - SANTÉ MENTALE ET DIAGNOSTICS RAPIDES ET NOMADES";61;6;"../Data/vague_1_6/i-nov-palmar-s-vague-6-19072.pdf";"2020";"2022";926080;416736;"91"
"METAVERSE TECHNOLOGIES France";"PULSE 3D";"NUMÉRIQUE DEEP TECH";47;6;"../Data/vague_1_6/i-nov-palmar-s-vague-6-19072.pdf";"2020";"2022";980947;441426;"92"
"MillionRoads";"HumanRoads";"NUMÉRIQUE DEEP TECH";48;6;"../Data/vague_1_6/i-nov-palmar-s-vague-6-19072.pdf";"2020";"2022";876896;394602;"84"
"MY TRAFFIC";"MTFV";"NUMÉRIQUE DEEP TECH";49;6;"../Data/vague_1_6/i-nov-palmar-s-vague-6-19072.pdf";"2021";"2022";977711;439968;"93"
"NEOVYA Mobilité";"HUBSIM";"ADAPTATION DES TERRITOIRES AU CHANGEMENT CLIMATIQUE ET MÉTROLOGIE DES EXPOSITIONS ENVIRONNEMENTALES";8;6;"../Data/vague_1_6/i-nov-palmar-s-vague-6-19072.pdf";"2020";"2023";685000;308549;"69"
"Nimesis Technology";"DEWS";"ADAPTATION DES TERRITOIRES AU CHANGEMENT CLIMATIQUE ET MÉTROLOGIE DES EXPOSITIONS ENVIRONNEMENTALES";9;6;"../Data/vague_1_6/i-nov-palmar-s-vague-6-19072.pdf";"2021";"2023";892740;332825;"57"
"OCEAN Dx";"OCEANuniversel";"SANTÉ - SANTÉ MENTALE ET DIAGNOSTICS RAPIDES ET NOMADES";64;6;"../Data/vague_1_6/i-nov-palmar-s-vague-6-19072.pdf";"2021";"2023";976992;439644;"33"
"PROOV STATION";"SMART INSPECTOR 2.0";"NUMÉRIQUE DEEP TECH";50;6;"../Data/vague_1_6/i-nov-palmar-s-vague-6-19072.pdf";"2020";"2022";960509;432228;"69"
"PROPHESEE";"NISP";"NUMÉRIQUE DEEP TECH";51;6;"../Data/vague_1_6/i-nov-palmar-s-vague-6-19072.pdf";"2020";"2021";986200;345168;"75"
"QUANDELA";"ROQC";"NUMÉRIQUE DEEP TECH";52;6;"../Data/vague_1_6/i-nov-palmar-s-vague-6-19072.pdf";"2021";"2024";3540308;1593128;"91"
"SDS logistique";"Stock central";"ÉCONOMIE CIRCULAIRE";17;6;"../Data/vague_1_6/i-nov-palmar-s-vague-6-19072.pdf";"2020";"2023";765050;208968;"33"
"Sêmeia";"APPRenD2";"SANTÉ - SANTÉ MENTALE ET DIAGNOSTICS RAPIDES ET NOMADES";62;6;"../Data/vague_1_6/i-nov-palmar-s-vague-6-19072.pdf";"2020";"2023";973957;438279;"75"
"SESTERCE";"FPGA4BC Xchip";"NUMÉRIQUE DEEP TECH";53;6;"../Data/vague_1_6/i-nov-palmar-s-vague-6-19072.pdf";"2020";"2021";702653;316191;"06"
"SMARTCATCH";"SMART-DETECT";"SANTÉ - SANTÉ MENTALE ET DIAGNOSTICS RAPIDES ET NOMADES";63;6;"../Data/vague_1_6/i-nov-palmar-s-vague-6-19072.pdf";"2021";"2023";2020404;909180;"31"
"Sublime Energie";"Charlie";"ÉCONOMIE CIRCULAIRE";18;6;"../Data/vague_1_6/i-nov-palmar-s-vague-6-19072.pdf";"2021";"2022";1419205;638643;"75"
"Telaqua";"Irrigeasy";"ADAPTATION DES TERRITOIRES AU CHANGEMENT CLIMATIQUE ET MÉTROLOGIE DES EXPOSITIONS ENVIRONNEMENTALES";10;6;"../Data/vague_1_6/i-nov-palmar-s-vague-6-19072.pdf";"2020";"2022";2231760;866916;"13"
"Terria";"Terria";"PERFORMANCE ENVIRONNEMENTALE DES BÂTIMENTS";31;6;"../Data/vague_1_6/i-nov-palmar-s-vague-6-19072.pdf";"2021";"2024";991620;446229;"63"
"THE AI INSTITUTE";"ABCode-IA";"NUMÉRIQUE DEEP TECH";54;6;"../Data/vague_1_6/i-nov-palmar-s-vague-6-19072.pdf";"2021";"2022";737906;332055;"76"
"UNEOLE";"PlateformENRS";"PERFORMANCE ENVIRONNEMENTALE DES BÂTIMENTS";32;6;"../Data/vague_1_6/i-nov-palmar-s-vague-6-19072.pdf";"2020";"2022";655900;252855;"59"
"VERDIKT";"VERDIKT";"RÉDUCTION DE L’EMPREINTE ÉCOLOGIQUE DU NUMÉRIQUE";58;6;"../Data/vague_1_6/i-nov-palmar-s-vague-6-19072.pdf";"2020";"2022";478085;215138;"92"
"Vesta Construction Technolog";"COMBO";"PERFORMANCE ENVIRONNEMENTALE DES BÂTIMENTS";33;6;"../Data/vague_1_6/i-nov-palmar-s-vague-6-19072.pdf";"2020";"2022";900778;405350;"75"
"Visionairy";"Visionairy Software";"NUMÉRIQUE DEEP TECH";55;6;"../Data/vague_1_6/i-nov-palmar-s-vague-6-19072.pdf";"2020";"2022";968046;435618;"91"
"vorteX.io";"Hydrolink";"ADAPTATION DES TERRITOIRES AU CHANGEMENT CLIMATIQUE ET MÉTROLOGIE DES EXPOSITIONS ENVIRONNEMENTALES";11;6;"../Data/vague_1_6/i-nov-palmar-s-vague-6-19072.pdf";"2021";"2022";606438;270647;"31"
"wever";"Moby Changer";"ADAPTATION DES TERRITOIRES AU CHANGEMENT CLIMATIQUE ET MÉTROLOGIE DES EXPOSITIONS ENVIRONNEMENTALES";12;6;"../Data/vague_1_6/i-nov-palmar-s-vague-6-19072.pdf";"2021";"2022";864987;389244;"06"
"WOODOO";"ALCHIMIE";"PERFORMANCE ENVIRONNEMENTALE DES BÂTIMENTS";34;6;"../Data/vague_1_6/i-nov-palmar-s-vague-6-19072.pdf";"2020";"2022";945555;425500;"10"
"Nxo engineering";"VOLTA";"EAU ET BIODIVERSITÉ";18;7;"../Data/vague_7_10/i-nov-palmar-s-vague-7-19066.pdf";"2021";"2024";996232;448304;"34"
"O2D Environnement";"ESUVIA";"EAU ET BIODIVERSITÉ";16;7;"../Data/vague_7_10/i-nov-palmar-s-vague-7-19066.pdf";"2021";"2023";538280;242226;"59"
"Purecontrol";"PureSTEP";"EAU ET BIODIVERSITÉ";17;7;"../Data/vague_7_10/i-nov-palmar-s-vague-7-19066.pdf";"2021";"2023";949200;427140;"35"
"Apix analytics";"MADRID";"ENERGIES RENOUVELABLES, STOCKAGE ET SYSTÈMES ÉNERGÉTIQUES DONT HYDROGÈNE";22;7;"../Data/vague_7_10/i-nov-palmar-s-vague-7-19066.pdf";"2021";"2023";1809431;814244;"38"
"GREENOV-ITES";"SEALENCE";"ENERGIES RENOUVELABLES, STOCKAGE ET SYSTÈMES ÉNERGÉTIQUES DONT HYDROGÈNE";23;7;"../Data/vague_7_10/i-nov-palmar-s-vague-7-19066.pdf";"2022";"2024";3237013;1456656;"56"
"Newheat";"THERMODEEP";"ENERGIES RENOUVELABLES, STOCKAGE ET SYSTÈMES ÉNERGÉTIQUES DONT HYDROGÈNE";24;7;"../Data/vague_7_10/i-nov-palmar-s-vague-7-19066.pdf";"2021";"2024";996090;448241;"33"
"Ze energy";"ZENIT";"ENERGIES RENOUVELABLES, STOCKAGE ET SYSTÈMES ÉNERGÉTIQUES DONT HYDROGÈNE";25;7;"../Data/vague_7_10/i-nov-palmar-s-vague-7-19066.pdf";"2021";"2022";4692620;2111679;"75"
"Fairbrics SAS";"Airwear";"ENJEUX DE LA TRANSITION ÉCOLOGIQUE DANS L’INDUSTRIE ET L’AGRICULTURE";28;7;"../Data/vague_7_10/i-nov-palmar-s-vague-7-19066.pdf";"2021";"2022";793350;357008;"78"
"farm3";"FarmTree";"ENJEUX DE LA TRANSITION ÉCOLOGIQUE DANS L’INDUSTRIE ET L’AGRICULTURE";31;7;"../Data/vague_7_10/i-nov-palmar-s-vague-7-19066.pdf";"2021";"2023";768685;345908;"25"
"Micropep technologies";"BIO-SAFE";"ENJEUX DE LA TRANSITION ÉCOLOGIQUE DANS L’INDUSTRIE ET L’AGRICULTURE";29;7;"../Data/vague_7_10/i-nov-palmar-s-vague-7-19066.pdf";"2021";"2023";788265;354719;"31"
"MYCOPHYTO";"MycoAgri";"ENJEUX DE LA TRANSITION ÉCOLOGIQUE DANS L’INDUSTRIE ET L’AGRICULTURE";32;7;"../Data/vague_7_10/i-nov-palmar-s-vague-7-19066.pdf";"2022";"2024";737307;331788;"06"
"SOLICAZ";"ECOBIOSTIM";"ENJEUX DE LA TRANSITION ÉCOLOGIQUE DANS L’INDUSTRIE ET L’AGRICULTURE";30;7;"../Data/vague_7_10/i-nov-palmar-s-vague-7-19066.pdf";"2021";"2023";661312;297590;"97"
"SYLVABOT";"NEOFARM";"ENJEUX DE LA TRANSITION ÉCOLOGIQUE DANS L’INDUSTRIE ET L’AGRICULTURE";33;7;"../Data/vague_7_10/i-nov-palmar-s-vague-7-19066.pdf";"2021";"2023";2355171;1059827;"92"
"Gene&Green TK";"ZYCOPHYTO";"ENJEUX DE LA TRANSITION ÉCOLOGIQUE DANS L’INDUSTRIE ET L’AGRICULTURE";35;7;"../Data/vague_7_10/i-nov-palmar-s-vague-7-19066.pdf";"2022";"2024";974091;438341;"13"
"Ways";"Séchage au CO2";"ENJEUX DE LA TRANSITION ÉCOLOGIQUE DANS L’INDUSTRIE ET L’AGRICULTURE";34;7;"../Data/vague_7_10/i-nov-palmar-s-vague-7-19066.pdf";"2021";"2022";567831;255524;"77"
"Advanced Aerodynamic Vessels";"eShuttle";"MOBILITÉ DURABLE ET INTELLIGENTE";39;7;"../Data/vague_7_10/i-nov-palmar-s-vague-7-19066.pdf";"2021";"2023";1016580;457461;"17"
"ME Concept SAS";"IEMFUM";"MOBILITÉ DURABLE ET INTELLIGENTE";42;7;"../Data/vague_7_10/i-nov-palmar-s-vague-7-19066.pdf";"2021";"2023";803244;361460;"69"
"DIGIMOBEE";"mobeeMAAS";"MOBILITÉ DURABLE ET INTELLIGENTE";44;7;"../Data/vague_7_10/i-nov-palmar-s-vague-7-19066.pdf";"2021";"2023";850640;382788;"75"
"Finx";"FinX Motor 2021";"MOBILITÉ DURABLE ET INTELLIGENTE";41;7;"../Data/vague_7_10/i-nov-palmar-s-vague-7-19066.pdf";"2021";"2022";971162;437023;"91"
"France Autopartage";"SYNAPS 2";"MOBILITÉ DURABLE ET INTELLIGENTE";49;7;"../Data/vague_7_10/i-nov-palmar-s-vague-7-19066.pdf";"2021";"2024";1941603;873721;"67"
"HY GENERATION";"RIM30";"MOBILITÉ DURABLE ET INTELLIGENTE";48;7;"../Data/vague_7_10/i-nov-palmar-s-vague-7-19066.pdf";"2021";"2023";784724;353126;"56"
"ITinSell";"NEXT";"MOBILITÉ DURABLE ET INTELLIGENTE";47;7;"../Data/vague_7_10/i-nov-palmar-s-vague-7-19066.pdf";"2021";"2024";4517520;2032884;"69"
"K-Ryol";"K-Ryole Transpalette";"MOBILITÉ DURABLE ET INTELLIGENTE";43;7;"../Data/vague_7_10/i-nov-palmar-s-vague-7-19066.pdf";"2021";"2022";965220;434349;"75"
"MOB ENERGY";"EVE";"MOBILITÉ DURABLE ET INTELLIGENTE";40;7;"../Data/vague_7_10/i-nov-palmar-s-vague-7-19066.pdf";"2021";"2023";963966;433785;"69"
"NEOTRUCKS";"NEOTRUCKS";"MOBILITÉ DURABLE ET INTELLIGENTE";46;7;"../Data/vague_7_10/i-nov-palmar-s-vague-7-19066.pdf";"2021";"2022";2110240;949608;"69"
"OCEAN DEVELOPPEMENT";"MODX";"MOBILITÉ DURABLE ET INTELLIGENTE";45;7;"../Data/vague_7_10/i-nov-palmar-s-vague-7-19066.pdf";"2021";"2023";2621288;1179580;"56"
"TaxyMatch";"TaxyMatch";"MOBILITÉ DURABLE ET INTELLIGENTE";50;7;"../Data/vague_7_10/i-nov-palmar-s-vague-7-19066.pdf";"2021";"2024";2147000;966150;"75"
"Vianova";"CurbManager";"MOBILITÉ DURABLE ET INTELLIGENTE";38;7;"../Data/vague_7_10/i-nov-palmar-s-vague-7-19066.pdf";"2021";"2023";784875;353194;"71"
"ADYOULIKE";"HYPE";"NUMÉRIQUE DEEP TECH";66;7;"../Data/vague_7_10/i-nov-palmar-s-vague-7-19066.pdf";"2021";"2023";1901066;665373;"92"
"AItenders";"Aicontracts";"NUMÉRIQUE DEEP TECH";54;7;"../Data/vague_7_10/i-nov-palmar-s-vague-7-19066.pdf";"2021";"2023";951056;427974;"42"
"AnthroPi";"ANTHROSCOPI";"NUMÉRIQUE DEEP TECH";56;7;"../Data/vague_7_10/i-nov-palmar-s-vague-7-19066.pdf";"2021";"2024";829265;373167;"21"
"Audensiel healthcare";"AIDRUG";"NUMÉRIQUE DEEP TECH";55;7;"../Data/vague_7_10/i-nov-palmar-s-vague-7-19066.pdf";"2021";"2023";962993;433344;"92"
"Avatar medical";"AVATAR4 Medtech";"NUMÉRIQUE DEEP TECH";58;7;"../Data/vague_7_10/i-nov-palmar-s-vague-7-19066.pdf";"2022";"2023";944060;424827;"75"
"CryptoNext";"B-TRUST";"NUMÉRIQUE DEEP TECH";60;7;"../Data/vague_7_10/i-nov-palmar-s-vague-7-19066.pdf";"2022";"2024";4401984;1980891;"75"
"DEMBoost";"DEMVIRTUAL";"NUMÉRIQUE DEEP TECH";63;7;"../Data/vague_7_10/i-nov-palmar-s-vague-7-19066.pdf";"2021";"2023";710128;319557;"93"
"Dreamquark";"IACSF-2021";"NUMÉRIQUE DEEP TECH";67;7;"../Data/vague_7_10/i-nov-palmar-s-vague-7-19066.pdf";"2021";"2023";1911056;859974;"75"
"HOOMANO";"INTERACT";"NUMÉRIQUE DEEP TECH";68;7;"../Data/vague_7_10/i-nov-palmar-s-vague-7-19066.pdf";"2021";"2022";899171;404625;"69"
"INIT ML";"Clip-Drop";"NUMÉRIQUE DEEP TECH";61;7;"../Data/vague_7_10/i-nov-palmar-s-vague-7-19066.pdf";"2021";"2023";691360;311112;"93"
"KAIKO";"DeFi Market Data Infrastructure";"NUMÉRIQUE DEEP TECH";62;7;"../Data/vague_7_10/i-nov-palmar-s-vague-7-19066.pdf";"2021";"2022";1160882;522396;"75"
"Left Angle";"Artisan";"NUMÉRIQUE DEEP TECH";57;7;"../Data/vague_7_10/i-nov-palmar-s-vague-7-19066.pdf";"2021";"2024";719861;323937;"38"
"Luos Robotics";"MOONRISE";"NUMÉRIQUE DEEP TECH";70;7;"../Data/vague_7_10/i-nov-palmar-s-vague-7-19066.pdf";"2022";"2023";998347;449256;"33"
"OCCIDEV";"Ticketless_I-NOV";"NUMÉRIQUE DEEP TECH";75;7;"../Data/vague_7_10/i-nov-palmar-s-vague-7-19066.pdf";"2021";"2023";600001;270000;"31"
"Qubit Pharmaceuticals";"QUMED";"NUMÉRIQUE DEEP TECH";71;7;"../Data/vague_7_10/i-nov-palmar-s-vague-7-19066.pdf";"2021";"2024";3118226;1403199;"75"
"Seamless Waves";"ECOCOM-5G";"NUMÉRIQUE DEEP TECH";64;7;"../Data/vague_7_10/i-nov-palmar-s-vague-7-19066.pdf";"2021";"2024";989003;445050;"75"
"SCIBIDS TECHNOLOGY";"SCIBAPP";"NUMÉRIQUE DEEP TECH";72;7;"../Data/vague_7_10/i-nov-palmar-s-vague-7-19066.pdf";"2021";"2022";858413;386283;"75"
"SIKIWIS";"U-AI";"NUMÉRIQUE DEEP TECH";76;7;"../Data/vague_7_10/i-nov-palmar-s-vague-7-19066.pdf";"2021";"2022";968640;435888;"92"
"SUB C MARINE";"SLAM Visio-A";"NUMÉRIQUE DEEP TECH";73;7;"../Data/vague_7_10/i-nov-palmar-s-vague-7-19066.pdf";"2021";"2023";770068;346530;"69"
"Synapse Développement";"BOT CYCLE";"NUMÉRIQUE DEEP TECH";59;7;"../Data/vague_7_10/i-nov-palmar-s-vague-7-19066.pdf";"2022";"2023";957181;430731;"31"
"UWINLOC";"MAGYC";"NUMÉRIQUE DEEP TECH";69;7;"../Data/vague_7_10/i-nov-palmar-s-vague-7-19066.pdf";"2021";"2022";952354;428559;"31"
"Wise-integration";"GanSquare";"NUMÉRIQUE DEEP TECH";65;7;"../Data/vague_7_10/i-nov-palmar-s-vague-7-19066.pdf";"2022";"2023";1552800;698760;"13"
"Yole Developpement";"Yole Market & Technology Learning";"NUMÉRIQUE DEEP TECH";77;7;"../Data/vague_7_10/i-nov-palmar-s-vague-7-19066.pdf";"2021";"2023";1062000;371700;"69"
"Zaion";"SMART COACHING";"NUMÉRIQUE DEEP TECH";74;7;"../Data/vague_7_10/i-nov-palmar-s-vague-7-19066.pdf";"2021";"2023";3108018;1087806;"75"
"Algama";"TAMALGA";"PROTÉINES ET FERMENTS DU FUTUR";83;7;"../Data/vague_7_10/i-nov-palmar-s-vague-7-19066.pdf";"2021";"2022";940256;423114;"75"
"INNOVAFEED";"BSFOOD";"PROTÉINES ET FERMENTS DU FUTUR";81;7;"../Data/vague_7_10/i-nov-palmar-s-vague-7-19066.pdf";"2021";"2023";2139103;748686;"80"
"PROBAGE";"Bioprox healthcare";"PROTÉINES ET FERMENTS DU FUTUR";82;7;"../Data/vague_7_10/i-nov-palmar-s-vague-7-19066.pdf";"2021";"2023";609201;274140;"92"
"PROTERA";"BAGEL";"PROTÉINES ET FERMENTS DU FUTUR";80;7;"../Data/vague_7_10/i-nov-palmar-s-vague-7-19066.pdf";"2021";"2023";999215;449646;"60"
"Umiami";"UCB";"PROTÉINES ET FERMENTS DU FUTUR";84;7;"../Data/vague_7_10/i-nov-palmar-s-vague-7-19066.pdf";"2021";"2024";3106305;1397835;"38"
"Advanced biodesign";"ALDESCREEN";"SANTÉ - DIAGNOSTIC, DÉPISTAGE ET SURVEILLANCE DES PATHOLOGIES";88;7;"../Data/vague_7_10/i-nov-palmar-s-vague-7-19066.pdf";"2022";"2025";945350;425406;"69"
"AgenT";"AlzDiag";"SANTÉ - DIAGNOSTIC, DÉPISTAGE ET SURVEILLANCE DES PATHOLOGIES";89;7;"../Data/vague_7_10/i-nov-palmar-s-vague-7-19066.pdf";"2021";"2022";984513;443028;"91"
"C4Diagnostics";"C4UTI";"SANTÉ - DIAGNOSTIC, DÉPISTAGE ET SURVEILLANCE DES PATHOLOGIES";91;7;"../Data/vague_7_10/i-nov-palmar-s-vague-7-19066.pdf";"2021";"2022";959300;431685;"13"
"Cardiorenal";"HOMERIC";"SANTÉ - DIAGNOSTIC, DÉPISTAGE ET SURVEILLANCE DES PATHOLOGIES";93;7;"../Data/vague_7_10/i-nov-palmar-s-vague-7-19066.pdf";"2021";"2023";968475;435813;"67"
"Diabeloop";"APP4PEN";"SANTÉ - DIAGNOSTIC, DÉPISTAGE ET SURVEILLANCE DES PATHOLOGIES";90;7;"../Data/vague_7_10/i-nov-palmar-s-vague-7-19066.pdf";"2021";"2023";2123200;743118;"38"
"Keen eye technologies";"DIAG PDL1";"SANTÉ - DIAGNOSTIC, DÉPISTAGE ET SURVEILLANCE DES PATHOLOGIES";92;7;"../Data/vague_7_10/i-nov-palmar-s-vague-7-19066.pdf";"2021";"2024";3412098;1535442;"75"
"Neurallys";"NanoICP";"SANTÉ - DIAGNOSTIC, DÉPISTAGE ET SURVEILLANCE DES PATHOLOGIES";94;7;"../Data/vague_7_10/i-nov-palmar-s-vague-7-19066.pdf";"2019";"2023";3908908;1759008;"75"
"Oncodiag";"Prostadiag";"SANTÉ - DIAGNOSTIC, DÉPISTAGE ET SURVEILLANCE DES PATHOLOGIES";97;7;"../Data/vague_7_10/i-nov-palmar-s-vague-7-19066.pdf";"2021";"2022";629663;283348;"27"
"Primaa";"NEO";"SANTÉ - DIAGNOSTIC, DÉPISTAGE ET SURVEILLANCE DES PATHOLOGIES";95;7;"../Data/vague_7_10/i-nov-palmar-s-vague-7-19066.pdf";"2021";"2023";1513346;681003;"91"
"Vetophage";"PHAGBAC";"SANTÉ - DIAGNOSTIC, DÉPISTAGE ET SURVEILLANCE DES PATHOLOGIES";96;7;"../Data/vague_7_10/i-nov-palmar-s-vague-7-19066.pdf";"2022";"2023";625300;281385;"69"
"Emissive";"Exponential";"TRANSFORMER LES INDUSTRIES CULTURELLES ET CRÉATIVES GRÂCE AU NUMÉRIQUE";102;7;"../Data/vague_7_10/i-nov-palmar-s-vague-7-19066.pdf";"2021";"2023";1745356;785409;"93"
"Mazedia";"CLASSROOM VISIT";"TRANSFORMER LES INDUSTRIES CULTURELLES ET CRÉATIVES GRÂCE AU NUMÉRIQUE";100;7;"../Data/vague_7_10/i-nov-palmar-s-vague-7-19066.pdf";"2021";"2023";822672;370200;"44"
"MovieChainer";"MCH Connect";"TRANSFORMER LES INDUSTRIES CULTURELLES ET CRÉATIVES GRÂCE AU NUMÉRIQUE";103;7;"../Data/vague_7_10/i-nov-palmar-s-vague-7-19066.pdf";"2021";"2023";689554;310299;"75"
"POPS France";"POPS";"TRANSFORMER LES INDUSTRIES CULTURELLES ET CRÉATIVES GRÂCE AU NUMÉRIQUE";104;7;"../Data/vague_7_10/i-nov-palmar-s-vague-7-19066.pdf";"2021";"2023";803788;361704;"94"
"WiZama";"DCART";"TRANSFORMER LES INDUSTRIES CULTURELLES ET CRÉATIVES GRÂCE AU NUMÉRIQUE";101;7;"../Data/vague_7_10/i-nov-palmar-s-vague-7-19066.pdf";"2021";"2024";1936628;871482;"35"
"World Game";"THANOS";"TRANSFORMER LES INDUSTRIES CULTURELLES ET CRÉATIVES GRÂCE AU NUMÉRIQUE";105;7;"../Data/vague_7_10/i-nov-palmar-s-vague-7-19066.pdf";"2021";"2022";857342;385803;"75"
"Cap 2020";"eSAM-BIO";"ADAPTATION DE L’AGRICULTURE AU CHANGEMENT CLIMATIQUE ET GESTION DES ALÉAS";28;8;"../Data/vague_7_10/i-nov-palmar-s-vague-8-19069.pdf";"2022";"2024";698250;314212;"33"
"Climate Smart AgriTool";"Elzeard";"ADAPTATION DE L’AGRICULTURE AU CHANGEMENT CLIMATIQUE ET GESTION DES ALÉAS";26;8;"../Data/vague_7_10/i-nov-palmar-s-vague-8-19069.pdf";"2022";"2024";678739;305432;"33"
"GEOSYS";"EASY4Ag";"ADAPTATION DE L’AGRICULTURE AU CHANGEMENT CLIMATIQUE ET GESTION DES ALÉAS";27;8;"../Data/vague_7_10/i-nov-palmar-s-vague-8-19069.pdf";"2022";"2024";2711224;948928;"31"
"KERMAP";"TIMECROP";"ADAPTATION DE L’AGRICULTURE AU CHANGEMENT CLIMATIQUE ET GESTION DES ALÉAS";29;8;"../Data/vague_7_10/i-nov-palmar-s-vague-8-19069.pdf";"2022";"2023";881172;396527;"35"
"aQuasys";"Smart Water Grid V2";"ADAPTATION DES TERRITOIRES AU CHANGEMENT CLIMATIQUE ATTÉNUATION DE SES EFFETS, PRÉVENTION DES RISQUES ET MÉTROLOGIE DES EXPOSITIONS ENVIRONNEMENTALES";33;8;"../Data/vague_7_10/i-nov-palmar-s-vague-8-19069.pdf";"2022";"2025";1715862;772138;"44"
"FEBUS Optics";"SeaGuard";"ADAPTATION DES TERRITOIRES AU CHANGEMENT CLIMATIQUE ATTÉNUATION DE SES EFFETS, PRÉVENTION DES RISQUES ET MÉTROLOGIE DES EXPOSITIONS ENVIRONNEMENTALES";32;8;"../Data/vague_7_10/i-nov-palmar-s-vague-8-19069.pdf";"2022";"2024";1821759;819792;"64"
"Buildrz";"IMPACT";"PERFORMANCE ENVIRONNEMENTALE ET ÉNERGÉTIQUE DES BÂTIMENTS";39;8;"../Data/vague_7_10/i-nov-palmar-s-vague-8-19069.pdf";"2021";"2022";998672;449400;"75"
"CMDL";"COMMI BOT2";"PERFORMANCE ENVIRONNEMENTALE ET ÉNERGÉTIQUE DES BÂTIMENTS";36;8;"../Data/vague_7_10/i-nov-palmar-s-vague-8-19069.pdf";"2022";"2024";659931;296968;"73"
"Geosophy";"EuroSophy";"PERFORMANCE ENVIRONNEMENTALE ET ÉNERGÉTIQUE DES BÂTIMENTS";37;8;"../Data/vague_7_10/i-nov-palmar-s-vague-8-19069.pdf";"2022";"2023";999048;449572;"75"
"KOCLIKO";"ROCC";"PERFORMANCE ENVIRONNEMENTALE ET ÉNERGÉTIQUE DES BÂTIMENTS";41;8;"../Data/vague_7_10/i-nov-palmar-s-vague-8-19069.pdf";"2022";"2024";808700;363915;"33"
"MUANCE";"HINABI";"PERFORMANCE ENVIRONNEMENTALE ET ÉNERGÉTIQUE DES BÂTIMENTS";38;8;"../Data/vague_7_10/i-nov-palmar-s-vague-8-19069.pdf";"2022";"2023";672200;302490;"13 51"
"Pando2";"Pando2 EnAirgy";"PERFORMANCE ENVIRONNEMENTALE ET ÉNERGÉTIQUE DES BÂTIMENTS";40;8;"../Data/vague_7_10/i-nov-palmar-s-vague-8-19069.pdf";"2021";"2022";917200;412740;"75"
"SAS SPINALCOM";"SpinalTwin Analytics";"PERFORMANCE ENVIRONNEMENTALE ET ÉNERGÉTIQUE DES BÂTIMENTS";42;8;"../Data/vague_7_10/i-nov-palmar-s-vague-8-19069.pdf";"2022";"2023";693440;312048;"91"
"SAS WONDERWOMALT";"Maltivor";"ÉCONOMIE CIRCULAIRE (Y COMPRIS RECYCLAGE DES MÉTAUX CRITIQUES)";47;8;"../Data/vague_7_10/i-nov-palmar-s-vague-8-19069.pdf";"2022";"2023";878366;349265;"69"
"UPCYCLEA SAS";"ARCH+";"ÉCONOMIE CIRCULAIRE (Y COMPRIS RECYCLAGE DES MÉTAUX CRITIQUES)";46;8;"../Data/vague_7_10/i-nov-palmar-s-vague-8-19069.pdf";"2022";"2023";962411;433085;"75 44"
"BHEALTHCARE";"HEIVA Lab";"SANTÉ - DISPOSITIFS MÉDICAUX INNOVANTS";54;8;"../Data/vague_7_10/i-nov-palmar-s-vague-8-19069.pdf";"2022";"2024";4322913;1945308;"44"
"Cardiawave";"NIUT";"SANTÉ - DISPOSITIFS MÉDICAUX INNOVANTS";57;8;"../Data/vague_7_10/i-nov-palmar-s-vague-8-19069.pdf";"2022";"2024";4984611;2243072;"75"
"FIBERMETRIX";"IVIRA";"SANTÉ - DISPOSITIFS MÉDICAUX INNOVANTS";55;8;"../Data/vague_7_10/i-nov-palmar-s-vague-8-19069.pdf";"2021";"2024";961750;336612;"67"
"FLUOPTICS";"FLUOCARE";"SANTÉ - DISPOSITIFS MÉDICAUX INNOVANTS";51;8;"../Data/vague_7_10/i-nov-palmar-s-vague-8-19069.pdf";"2022";"2023";1996000;894876;"38"
"HINLAB";"COPERNIC-DMI";"SANTÉ - DISPOSITIFS MÉDICAUX INNOVANTS";50;8;"../Data/vague_7_10/i-nov-palmar-s-vague-8-19069.pdf";"2021";"2023";935035;420764;"92"
"Hirondelle médicale";"GVPI";"SANTÉ - DISPOSITIFS MÉDICAUX INNOVANTS";53;8;"../Data/vague_7_10/i-nov-palmar-s-vague-8-19069.pdf";"2021";"2023";838193;377186;"13"
"Japet Medical";"JAPET.C";"SANTÉ - DISPOSITIFS MÉDICAUX INNOVANTS";56;8;"../Data/vague_7_10/i-nov-palmar-s-vague-8-19069.pdf";"2022";"2024";2252312;1013540;"59"
"Laclarée";"PERCEIVE";"SANTÉ - DISPOSITIFS MÉDICAUX INNOVANTS";58;8;"../Data/vague_7_10/i-nov-palmar-s-vague-8-19069.pdf";"2022";"2023";992939;446820;"69"
"MinMaxMedical";"GESTURE";"SANTÉ - DISPOSITIFS MÉDICAUX INNOVANTS";52;8;"../Data/vague_7_10/i-nov-palmar-s-vague-8-19069.pdf";"2022";"2024";3236320;1456344;"38"
"GREENMETRICS";"SEDENE";"RÉDUCTION DE L'EMPREINTE ENVIRONNEMENTALE";62;8;"../Data/vague_7_10/i-nov-palmar-s-vague-8-19069.pdf";"2022";"2023";998570;449356;"92"
"Actronika";"Ryzm";"NUMÉRIQUE DEEP TECH";71;8;"../Data/vague_7_10/i-nov-palmar-s-vague-8-19069.pdf";"2022";"2023";764896;344203;"75"
"Arkhn";"Structure";"NUMÉRIQUE DEEP TECH";72;8;"../Data/vague_7_10/i-nov-palmar-s-vague-8-19069.pdf";"2022";"2024";983568;442604;"75"
"EYELIGHTS";"EyeGlass";"NUMÉRIQUE DEEP TECH";66;8;"../Data/vague_7_10/i-nov-palmar-s-vague-8-19069.pdf";"2022";"2023";989422;445236;"44"
"Golem.ai (IDEQUANET)";"Golem.ai";"NUMÉRIQUE DEEP TECH";68;8;"../Data/vague_7_10/i-nov-palmar-s-vague-8-19069.pdf";"2022";"2024";931561;419200;"31"
"Heex Technologies";"InsightX";"NUMÉRIQUE DEEP TECH";69;8;"../Data/vague_7_10/i-nov-palmar-s-vague-8-19069.pdf";"2021";"2023";1581618;711728;"75"
"LOGIROAD";"AI4ROAD";"NUMÉRIQUE DEEP TECH";70;8;"../Data/vague_7_10/i-nov-palmar-s-vague-8-19069.pdf";"2022";"2024";989969;445484;"75"
"Octopize";"AVAT@RS";"NUMÉRIQUE DEEP TECH";74;8;"../Data/vague_7_10/i-nov-palmar-s-vague-8-19069.pdf";"2022";"2024";856102;385245;"44"
"PANDASCORE";"ESPRIT (E-Sport PRobabilITy builder)";"NUMÉRIQUE DEEP TECH";67;8;"../Data/vague_7_10/i-nov-palmar-s-vague-8-19069.pdf";"2022";"2023";968180;435680;"75"
"TWICE.AI";"UXVIZER";"NUMÉRIQUE DEEP TECH";73;8;"../Data/vague_7_10/i-nov-palmar-s-vague-8-19069.pdf";"2022";"2023";668262;300717;"35"
"Atelier Daruma";"LFT (Large Field Theater)";"ADAPTATION DES TERRITOIRES AU CHANGEMENT CLIMATIQUE ATTÉNUATION DE SES EFFETS, PRÉVENTION DES RISQUES ET MÉTROLOGIE DES EXPOSITIONS ENVIRONNEMENTALES";84;8;"../Data/vague_7_10/i-nov-palmar-s-vague-8-19069.pdf";"2022";"2023";1187963;534580;"75"
"DAREWISE ENTERTAINMENT";"WWD (WiseWorld)";"ADAPTATION DES TERRITOIRES AU CHANGEMENT CLIMATIQUE ATTÉNUATION DE SES EFFETS, PRÉVENTION DES RISQUES ET MÉTROLOGIE DES EXPOSITIONS ENVIRONNEMENTALES";91;8;"../Data/vague_7_10/i-nov-palmar-s-vague-8-19069.pdf";"2021";"2023";981432;441644;"75"
"Dark Matters Solutions";"DMS Studio";"ADAPTATION DES TERRITOIRES AU CHANGEMENT CLIMATIQUE ATTÉNUATION DE SES EFFETS, PRÉVENTION DES RISQUES ET MÉTROLOGIE DES EXPOSITIONS ENVIRONNEMENTALES";81;8;"../Data/vague_7_10/i-nov-palmar-s-vague-8-19069.pdf";"2022";"2023";3619682;1628856;"91"
"GAIAR";"DCNS";"ADAPTATION DES TERRITOIRES AU CHANGEMENT CLIMATIQUE ATTÉNUATION DE SES EFFETS, PRÉVENTION DES RISQUES ET MÉTROLOGIE DES EXPOSITIONS ENVIRONNEMENTALES";80;8;"../Data/vague_7_10/i-nov-palmar-s-vague-8-19069.pdf";"2022";"2024";786168;353775;"16"
"Heuritech";"SHI&FT STUDIO";"ADAPTATION DES TERRITOIRES AU CHANGEMENT CLIMATIQUE ATTÉNUATION DE SES EFFETS, PRÉVENTION DES RISQUES ET MÉTROLOGIE DES EXPOSITIONS ENVIRONNEMENTALES";87;8;"../Data/vague_7_10/i-nov-palmar-s-vague-8-19069.pdf";"2021";"2023";4037395;1816824;"75"
"Infinite Square";"inwink";"ADAPTATION DES TERRITOIRES AU CHANGEMENT CLIMATIQUE ATTÉNUATION DE SES EFFETS, PRÉVENTION DES RISQUES ET MÉTROLOGIE DES EXPOSITIONS ENVIRONNEMENTALES";83;8;"../Data/vague_7_10/i-nov-palmar-s-vague-8-19069.pdf";"2022";"2022";1244100;559844;"75"
"INTENSCITY";"INTENSCITY";"ADAPTATION DES TERRITOIRES AU CHANGEMENT CLIMATIQUE ATTÉNUATION DE SES EFFETS, PRÉVENTION DES RISQUES ET MÉTROLOGIE DES EXPOSITIONS ENVIRONNEMENTALES";82;8;"../Data/vague_7_10/i-nov-palmar-s-vague-8-19069.pdf";"2022";"2022";646924;291115;"94"
"La Vingt-Cinquième Heure Distribution";"25e Heure";"ADAPTATION DES TERRITOIRES AU CHANGEMENT CLIMATIQUE ATTÉNUATION DE SES EFFETS, PRÉVENTION DES RISQUES ET MÉTROLOGIE DES EXPOSITIONS ENVIRONNEMENTALES";78;8;"../Data/vague_7_10/i-nov-palmar-s-vague-8-19069.pdf";"2021";"2023";675890;304150;"93"
"PICTIA";"NFT-IL";"ADAPTATION DES TERRITOIRES AU CHANGEMENT CLIMATIQUE ATTÉNUATION DE SES EFFETS, PRÉVENTION DES RISQUES ET MÉTROLOGIE DES EXPOSITIONS ENVIRONNEMENTALES";85;8;"../Data/vague_7_10/i-nov-palmar-s-vague-8-19069.pdf";"2022";"2025";896504;403424;"69"
"PIXPOLE";"WAKATOON+";"ADAPTATION DES TERRITOIRES AU CHANGEMENT CLIMATIQUE ATTÉNUATION DE SES EFFETS, PRÉVENTION DES RISQUES ET MÉTROLOGIE DES EXPOSITIONS ENVIRONNEMENTALES";90;8;"../Data/vague_7_10/i-nov-palmar-s-vague-8-19069.pdf";"2022";"2023";672785;302753;"75"
"Spideo";"Rumo Connect";"ADAPTATION DES TERRITOIRES AU CHANGEMENT CLIMATIQUE ATTÉNUATION DE SES EFFETS, PRÉVENTION DES RISQUES ET MÉTROLOGIE DES EXPOSITIONS ENVIRONNEMENTALES";86;8;"../Data/vague_7_10/i-nov-palmar-s-vague-8-19069.pdf";"2022";"2025";2833594;1275116;"75"
"STAGE 11";"STAGE 11";"ADAPTATION DES TERRITOIRES AU CHANGEMENT CLIMATIQUE ATTÉNUATION DE SES EFFETS, PRÉVENTION DES RISQUES ET MÉTROLOGIE DES EXPOSITIONS ENVIRONNEMENTALES";88;8;"../Data/vague_7_10/i-nov-palmar-s-vague-8-19069.pdf";"2022";"2023";4883839;2197724;"75"
"Tech’4’Team";"Arenametrix GDS";"ADAPTATION DES TERRITOIRES AU CHANGEMENT CLIMATIQUE ATTÉNUATION DE SES EFFETS, PRÉVENTION DES RISQUES ET MÉTROLOGIE DES EXPOSITIONS ENVIRONNEMENTALES";79;8;"../Data/vague_7_10/i-nov-palmar-s-vague-8-19069.pdf";"2021";"2023";893338;402000;"75"
"WABEL";"TANGO MEETINGS";"ADAPTATION DES TERRITOIRES AU CHANGEMENT CLIMATIQUE ATTÉNUATION DE SES EFFETS, PRÉVENTION DES RISQUES ET MÉTROLOGIE DES EXPOSITIONS ENVIRONNEMENTALES";89;8;"../Data/vague_7_10/i-nov-palmar-s-vague-8-19069.pdf";"2022";"2022";794537;357631;"75"
"ECLORE ACTUATORS";"ECLORE2";"FRENCH FAB – INDUSTRIE 4.0";95;8;"../Data/vague_7_10/i-nov-palmar-s-vague-8-19069.pdf";"2022";"2023";927374;417316;"44"
"Jimmy Energy";"Digital Heat";"FRENCH FAB – INDUSTRIE 4.0";94;8;"../Data/vague_7_10/i-nov-palmar-s-vague-8-19069.pdf";"2022";"2023";893949;402276;"92"
"R&D VISION";"OLINPIA";"FRENCH FAB – INDUSTRIE 4.0";97;8;"../Data/vague_7_10/i-nov-palmar-s-vague-8-19069.pdf";"2022";"2023";988329;444748;"94"
"Sogilis";"REFLEX Framework";"FRENCH FAB – INDUSTRIE 4.0";98;8;"../Data/vague_7_10/i-nov-palmar-s-vague-8-19069.pdf";"2022";"2023";968851;435980;"38"
"Spare Parts 3D";"N&TS 3D";"FRENCH FAB – INDUSTRIE 4.0";96;8;"../Data/vague_7_10/i-nov-palmar-s-vague-8-19069.pdf";"2022";"2024";989002;445048;"31"
"Stirweld";"STIRWELD 4.0";"FRENCH FAB – INDUSTRIE 4.0";99;8;"../Data/vague_7_10/i-nov-palmar-s-vague-8-19069.pdf";"2022";"2024";793306;356987;"35"
"Epigene Labs";"mCUBE";"SANTÉ - OUTILS DE MODÉLISATION / SIMULATION NUMÉRIQUE POUR LE DÉVELOPPEMENT DE BIOMÉDICAMENTS";102;8;"../Data/vague_7_10/i-nov-palmar-s-vague-8-19069.pdf";"2021";"2022";974678;438604;"75"
"Biodiv-Wind";"FUSION IA";"ENERGIES, RESSOURCES ET MILIEUX NATURELS";22;9;"../Data/vague_7_10/i-nov-palmar-s-vague-9-28604.pdf";"2022";"2024";1954904;1047686;"34"
"Earthwake Entreprise";"PLASTOPLAS – PLASTIC TO";"ENERGIES, RESSOURCES ET MILIEUX NATURELS";26;9;"../Data/vague_7_10/i-nov-palmar-s-vague-9-28604.pdf";"2022";"2024";1836739;826533;"06"
"ENTENT";"PULSE50";"ENERGIES, RESSOURCES ET MILIEUX NATURELS";27;9;"../Data/vague_7_10/i-nov-palmar-s-vague-9-28604.pdf";"2022";"2024";1314998;460208;"13"
"Fairme";"SMART FACTORY";"ENERGIES, RESSOURCES ET MILIEUX NATURELS";30;9;"../Data/vague_7_10/i-nov-palmar-s-vague-9-28604.pdf";"2022";"2023";1768330;599099;"38"
"Genesis";"SHERPA";"ENERGIES, RESSOURCES ET MILIEUX NATURELS";29;9;"../Data/vague_7_10/i-nov-palmar-s-vague-9-28604.pdf";"2022";"2025";3508646;1557460;"75"
"Les Alchimistes";"LES COUCHES FERTILES DEMO";"ENERGIES, RESSOURCES ET MILIEUX NATURELS";23;9;"../Data/vague_7_10/i-nov-palmar-s-vague-9-28604.pdf";"2022";"2024";2596985;891590;"93"
"OBIOSEED";"OBIO&SEA";"ENERGIES, RESSOURCES ET MILIEUX NATURELS";24;9;"../Data/vague_7_10/i-nov-palmar-s-vague-9-28604.pdf";"2022";"2025";1746281;784639;"83"
"ORPIA Orpia Innovation";"ORPIA";"ENERGIES, RESSOURCES ET MILIEUX NATURELS";25;9;"../Data/vague_7_10/i-nov-palmar-s-vague-9-28604.pdf";"2022";"2024";1003021;402252;"75"
"Trees-Everywhere";"QBC";"ENERGIES, RESSOURCES ET MILIEUX NATURELS";28;9;"../Data/vague_7_10/i-nov-palmar-s-vague-9-28604.pdf";"2022";"2024";1537509;591749;"13"
"APHELIOR";"APHELIOR (ONTBO)";"NUMÉRIQUE DEEPTECH";34;9;"../Data/vague_7_10/i-nov-palmar-s-vague-9-28604.pdf";"2022";"2025";1179476;530764;"60"
"CGX AERO";"SMART HUB PORT";"NUMÉRIQUE DEEPTECH";42;9;"../Data/vague_7_10/i-nov-palmar-s-vague-9-28604.pdf";"2022";"2024";1852746;648461;"81"
"DIGITICA SAS";"ATTRACT";"NUMÉRIQUE DEEPTECH";37;9;"../Data/vague_7_10/i-nov-palmar-s-vague-9-28604.pdf";"2022";"2024";1053642;465731;"31"
"DOCENT";"CAVIAR";"NUMÉRIQUE DEEPTECH";38;9;"../Data/vague_7_10/i-nov-palmar-s-vague-9-28604.pdf";"2022";"2023";1024730;471474;"75"
"Expéditions Spectacles";"SOCAN22";"NUMÉRIQUE DEEPTECH";43;9;"../Data/vague_7_10/i-nov-palmar-s-vague-9-28604.pdf";"2022";"2023";1510021;679508;"75"
"Nimble One";"ARU";"NUMÉRIQUE DEEPTECH";35;9;"../Data/vague_7_10/i-nov-palmar-s-vague-9-28604.pdf";"2023";"2023";4291400;1093332;"31"
"NOVAQUARK";"YOUR PLAYGROUND";"NUMÉRIQUE DEEPTECH";40;9;"../Data/vague_7_10/i-nov-palmar-s-vague-9-28604.pdf";"2022";"2023";3010626;1053719;"75"
"Perspective[S]";"MESHFOUNDRY";"NUMÉRIQUE DEEPTECH";39;9;"../Data/vague_7_10/i-nov-palmar-s-vague-9-28604.pdf";"2022";"2024";1055540;474993;"13"
"SESTERCE France LABS";"ARX";"NUMÉRIQUE DEEPTECH";36;9;"../Data/vague_7_10/i-nov-palmar-s-vague-9-28604.pdf";"2022";"2025";4280872;1898580;"13"
"UNIFIED SOFTWARE";"SOFTWARE FACTORY2022";"NUMÉRIQUE DEEPTECH";44;9;"../Data/vague_7_10/i-nov-palmar-s-vague-9-28604.pdf";"2021";"2023";1324588;335165;"34"
"Upfluence SAS";"ROIMI";"NUMÉRIQUE DEEPTECH";41;9;"../Data/vague_7_10/i-nov-palmar-s-vague-9-28604.pdf";"2023";"2025";2748096;961834;"69"
"Vaonis";"TICAA";"NUMÉRIQUE DEEPTECH";45;9;"../Data/vague_7_10/i-nov-palmar-s-vague-9-28604.pdf";"2022";"2024";2265544;1019495;"34"
"eBikeLabs";"EBIKEOS";"TRANSPORTS, MOBILITÉS, VILLES ET BÂTIMENTS DURABLES";48;9;"../Data/vague_7_10/i-nov-palmar-s-vague-9-28604.pdf";"2022";"2025";3047450;1317353;"38"
"Ecov";"PLATEFORME DES SIÈGES LIBRES";"TRANSPORTS, MOBILITÉS, VILLES ET BÂTIMENTS DURABLES";53;9;"../Data/vague_7_10/i-nov-palmar-s-vague-9-28604.pdf";"2023";"2025";2993000;1347214;"44"
"Emerwall";"EMW UDI";"TRANSPORTS, MOBILITÉS, VILLES ET BÂTIMENTS DURABLES";50;9;"../Data/vague_7_10/i-nov-palmar-s-vague-9-28604.pdf";"2022";"2024";1585000;320898;"97"
"GAYA";"HYPHOS-PRO";"TRANSPORTS, MOBILITÉS, VILLES ET BÂTIMENTS DURABLES";51;9;"../Data/vague_7_10/i-nov-palmar-s-vague-9-28604.pdf";"2022";"2024";2363192;879707;"13"
"INKLUS-if";"OKEENEA DIGITAL";"TRANSPORTS, MOBILITÉS, VILLES ET BÂTIMENTS DURABLES";52;9;"../Data/vague_7_10/i-nov-palmar-s-vague-9-28604.pdf";"2022";"2029";3829603;1723321;"69"
"LDL TECHNOLOGY";"WSN";"TRANSPORTS, MOBILITÉS, VILLES ET BÂTIMENTS DURABLES";55;9;"../Data/vague_7_10/i-nov-palmar-s-vague-9-28604.pdf";"2021";"2023";1403850;487667;"31"
"NRGYBox";"SCADALIGHT";"TRANSPORTS, MOBILITÉS, VILLES ET BÂTIMENTS DURABLES";54;9;"../Data/vague_7_10/i-nov-palmar-s-vague-9-28604.pdf";"2022";"2024";1047685;624379;"33"
"VU Log";"EDMU";"TRANSPORTS, MOBILITÉS, VILLES ET BÂTIMENTS DURABLES";49;9;"../Data/vague_7_10/i-nov-palmar-s-vague-9-28604.pdf";"2022";"2024";2824360;988526;"06"
"ABYS MEDICAL";"JUDET 4.0";"SANTÉ";68;9;"../Data/vague_7_10/i-nov-palmar-s-vague-9-28604.pdf";"2022";"2025";4777510;2092560;"17"
"ADLIN Science";"INTEGRATIOMICS 2";"SANTÉ";66;9;"../Data/vague_7_10/i-nov-palmar-s-vague-9-28604.pdf";"2022";"2025";1357300;610784;"31"
"Basecamp Vascular";"GECKO+";"SANTÉ";62;9;"../Data/vague_7_10/i-nov-palmar-s-vague-9-28604.pdf";"2022";"2025";4630640;1741412;"75"
"COHESIVES";"ANCORE TECHNOLOGY";"SANTÉ";58;9;"../Data/vague_7_10/i-nov-palmar-s-vague-9-28604.pdf";"2022";"2025";1037612;466924;"21"
"DAMAE Medical";"DEEPMOHS";"SANTÉ";60;9;"../Data/vague_7_10/i-nov-palmar-s-vague-9-28604.pdf";"2022";"2025";4735599;1951452;"75"
"ExactCure";"INTERACTWIN";"SANTÉ";67;9;"../Data/vague_7_10/i-nov-palmar-s-vague-9-28604.pdf";"2022";"2025";4932880;2190544;"06"
"FeetMe";"PTTM";"SANTÉ";76;9;"../Data/vague_7_10/i-nov-palmar-s-vague-9-28604.pdf";"2022";"2025";2935200;1113480;"75"
"HDSI APPLICATION";"LUNA-DTX";"SANTÉ";71;9;"../Data/vague_7_10/i-nov-palmar-s-vague-9-28604.pdf";"2022";"2024";1674480;753516;"13"
"Healthy Mind";"NEUROMINDINOV";"SANTÉ";73;9;"../Data/vague_7_10/i-nov-palmar-s-vague-9-28604.pdf";"2022";"2024";1107207;452712;"75"
"HEPHAISTOS-Pharma";"ONCO-BOOST";"SANTÉ";75;9;"../Data/vague_7_10/i-nov-palmar-s-vague-9-28604.pdf";"2022";"2024";3033684;1349064;"91"
"I.Ceram";"S2OP2CI";"SANTÉ";77;9;"../Data/vague_7_10/i-nov-palmar-s-vague-9-28604.pdf";"2022";"2025";1799000;809624;"87"
"Mablink Bioscience";"MBK-103";"SANTÉ";72;9;"../Data/vague_7_10/i-nov-palmar-s-vague-9-28604.pdf";"2022";"2024";4248000;1848096;"69"
"Okomera";"TUMORDROP22";"SANTÉ";80;9;"../Data/vague_7_10/i-nov-palmar-s-vague-9-28604.pdf";"2022";"2025";3997247;1651504;"75"
"ORTHOPUS";"IAT";"SANTÉ";65;9;"../Data/vague_7_10/i-nov-palmar-s-vague-9-28604.pdf";"2022";"2024";1056339;475352;"44"
"Perha Pharmaceuticals";"LCTB-21";"SANTÉ";70;9;"../Data/vague_7_10/i-nov-palmar-s-vague-9-28604.pdf";"2022";"2024";4990143;2239264;"29"
"PHENOCELL";"KEEPSIGHT";"SANTÉ";69;9;"../Data/vague_7_10/i-nov-palmar-s-vague-9-28604.pdf";"2022";"2025";1439401;641428;"06"
"PHOST’IN THERAPEUTICS";"GLYCOPHAST";"SANTÉ";63;9;"../Data/vague_7_10/i-nov-palmar-s-vague-9-28604.pdf";"2022";"2024";4983490;1675260;"34"
"SKAIROS";"SILVER SPINE";"SANTÉ";79;9;"../Data/vague_7_10/i-nov-palmar-s-vague-9-28604.pdf";"2022";"2025";1975000;888748;"75"
"SynapCell";"CORTEX";"SANTÉ";59;9;"../Data/vague_7_10/i-nov-palmar-s-vague-9-28604.pdf";"2022";"2025";2750800;1237860;"38"
"Ubiplug";"SHIVAT";"SANTÉ";78;9;"../Data/vague_7_10/i-nov-palmar-s-vague-9-28604.pdf";"2022";"2025";4868278;2190724;"14"
"Usense";"NEXUS";"SANTÉ";74;9;"../Data/vague_7_10/i-nov-palmar-s-vague-9-28604.pdf";"2022";"2025";2759597;1241816;"91"
"VitaDX International";"VISIOCYT® 3D";"SANTÉ";81;9;"../Data/vague_7_10/i-nov-palmar-s-vague-9-28604.pdf";"2022";"2025";3362237;1513004;"35"
"Wefight";"IA VIK";"SANTÉ";64;9;"../Data/vague_7_10/i-nov-palmar-s-vague-9-28604.pdf";"2022";"2025";2500000;1117344;"34"
"ZIWIG";"ERNAD";"SANTÉ";61;9;"../Data/vague_7_10/i-nov-palmar-s-vague-9-28604.pdf";"2022";"2025";4151079;1608332;"69"
"BiOceanOr";"PREMICE";"ENERGIES, RESSOURCES ET MILIEUX NATURELS";28;10;"../Data/vague_7_10/i-nov-palmar-s-vague-10-28601.pdf";"2023";"2026";1015192;456836;"06"
"AKANTHAS";"AKANTHASWASTE1";"ENERGIES, RESSOURCES ET MILIEUX NATURELS";22;10;"../Data/vague_7_10/i-nov-palmar-s-vague-10-28601.pdf";"2023";"2025";1916152;862268;"31"
"CAPACITE";"GOUACH";"ENERGIES, RESSOURCES ET MILIEUX NATURELS";25;10;"../Data/vague_7_10/i-nov-palmar-s-vague-10-28601.pdf";"2022";"2024";2227137;1e+06;"33"
"DIAMSENS";"SMART DIAMOND SENSORS";"ENERGIES, RESSOURCES ET MILIEUX NATURELS";30;10;"../Data/vague_7_10/i-nov-palmar-s-vague-10-28601.pdf";"2023";"2026";3871102;1741995;"38"
"INOVAYA";"FANON";"ENERGIES, RESSOURCES ET MILIEUX NATURELS";24;10;"../Data/vague_7_10/i-nov-palmar-s-vague-10-28601.pdf";"2023";"2025";1215798;547109;"38"
"Kikléo";"RÉGALADE";"ENERGIES, RESSOURCES ET MILIEUX NATURELS";29;10;"../Data/vague_7_10/i-nov-palmar-s-vague-10-28601.pdf";"2023";"2024";1141563;504704;"75 69"
"Micr’Eau";"CH4 BOOSTER";"ENERGIES, RESSOURCES ET MILIEUX NATURELS";23;10;"../Data/vague_7_10/i-nov-palmar-s-vague-10-28601.pdf";"2023";"2025";1024520;461034;"75"
"Seaturns";"IAS-WEC";"ENERGIES, RESSOURCES ET MILIEUX NATURELS";26;10;"../Data/vague_7_10/i-nov-palmar-s-vague-10-28601.pdf";"2023";"2025";2438949;1097527;"33"
"Weenat";"METEORIA";"ENERGIES, RESSOURCES ET MILIEUX NATURELS";27;10;"../Data/vague_7_10/i-nov-palmar-s-vague-10-28601.pdf";"2023";"2025";2351004;1057951;"44"
"Alice&Bob";"CLOUDCAT";"NUMÉRIQUE DEEPTECH";37;10;"../Data/vague_7_10/i-nov-palmar-s-vague-10-28601.pdf";"2023";"2025";4790988;1676848;"75"
"ALPHAIOTA";"VIZZIA";"NUMÉRIQUE DEEPTECH";55;10;"../Data/vague_7_10/i-nov-palmar-s-vague-10-28601.pdf";"2022";"2024";1699438;734512;"91"
"Antescofo SAS";"DeepMuse";"NUMÉRIQUE DEEPTECH";39;10;"../Data/vague_7_10/i-nov-palmar-s-vague-10-28601.pdf";"2023";"2026";1578698;710414;"75"
"Cyblex Technologies";"CUSTOCY LAB";"NUMÉRIQUE DEEPTECH";38;10;"../Data/vague_7_10/i-nov-palmar-s-vague-10-28601.pdf";"2022";"2024";2240285;784100;"31"
"Droon";"Ecochain";"NUMÉRIQUE DEEPTECH";40;10;"../Data/vague_7_10/i-nov-palmar-s-vague-10-28601.pdf";"2023";"2025";1340000;600044;"75 94"
"ÉHO.LINK";"ÉHO.CIRCLETRUST";"NUMÉRIQUE DEEPTECH";36;10;"../Data/vague_7_10/i-nov-palmar-s-vague-10-28601.pdf";"2022";"2024";2767288;1245276;"13"
"ESCAPE TECHNOLOGIES";"Escape Scale";"NUMÉRIQUE DEEPTECH";41;10;"../Data/vague_7_10/i-nov-palmar-s-vague-10-28601.pdf";"2022";"2025";2576000;1189800;"75 64"
"FRENCH TOUCH FACTORY";"ITHACA";"NUMÉRIQUE DEEPTECH";44;10;"../Data/vague_7_10/i-nov-palmar-s-vague-10-28601.pdf";"2023";"2024";1822000;232064;"75"
"IOT Symphony";"Octavio";"NUMÉRIQUE DEEPTECH";50;10;"../Data/vague_7_10/i-nov-palmar-s-vague-10-28601.pdf";"2023";"2025";1757042;790669;"59"
"Moovency";"Kimea Analytics";"NUMÉRIQUE DEEPTECH";45;10;"../Data/vague_7_10/i-nov-palmar-s-vague-10-28601.pdf";"2023";"2024";1787820;804516;"35"
"MURMURATION";"CAPENVI";"NUMÉRIQUE DEEPTECH";35;10;"../Data/vague_7_10/i-nov-palmar-s-vague-10-28601.pdf";"2023";"2025";1246601;514916;"31"
"Newsbridge";"Multimodal Perception";"NUMÉRIQUE DEEPTECH";49;10;"../Data/vague_7_10/i-nov-palmar-s-vague-10-28601.pdf";"2023";"2025";1903112;856400;"92"
"Nothing2Install";"3D Cloud";"NUMÉRIQUE DEEPTECH";34;10;"../Data/vague_7_10/i-nov-palmar-s-vague-10-28601.pdf";"2023";"2024";1681002;756448;"13"
"PERPETUAL EMOTION";"Evolvr";"NUMÉRIQUE DEEPTECH";42;10;"../Data/vague_7_10/i-nov-palmar-s-vague-10-28601.pdf";"2023";"2024";3666000;1307636;"66"
"Pianity";"Pianity";"NUMÉRIQUE DEEPTECH";52;10;"../Data/vague_7_10/i-nov-palmar-s-vague-10-28601.pdf";"2023";"2025";2233421;1005036;"75"
"RollingFunds";"R-Xperience";"NUMÉRIQUE DEEPTECH";53;10;"../Data/vague_7_10/i-nov-palmar-s-vague-10-28601.pdf";"2022";"2024";1511040;679968;"75"
"UNITED MOTION IDEAS (UMI)";"FEEDBACK FACTORY";"NUMÉRIQUE DEEPTECH";43;10;"../Data/vague_7_10/i-nov-palmar-s-vague-10-28601.pdf";"2023";"2025";1595829;506424;"69"
"UPFLOW";"Upflow";"NUMÉRIQUE DEEPTECH";54;10;"../Data/vague_7_10/i-nov-palmar-s-vague-10-28601.pdf";"2022";"2024";4578338;2059916;"94"
"Velco SAS";"Move 2024";"NUMÉRIQUE DEEPTECH";48;10;"../Data/vague_7_10/i-nov-palmar-s-vague-10-28601.pdf";"2022";"2024";2098071;944132;"44"
"WIREMIND SAS";"PAXONE";"NUMÉRIQUE DEEPTECH";51;10;"../Data/vague_7_10/i-nov-palmar-s-vague-10-28601.pdf";"2023";"2025";3704973;1661836;"75"
"Zaion";"Multimodal Conversational AI";"NUMÉRIQUE DEEPTECH";47;10;"../Data/vague_7_10/i-nov-palmar-s-vague-10-28601.pdf";"2023";"2024";3834577;920024;"75"
"Zorba Group";"LIDO XR";"NUMÉRIQUE DEEPTECH";46;10;"../Data/vague_7_10/i-nov-palmar-s-vague-10-28601.pdf";"2023";"2026";1051195;473036;"75 92"
"ADD TECHNOLOGIES";"ADDWINGSAIL";"TRANSPORTS, MOBILITÉS, VILLES ET BÂTIMENTS DURABLES";59;10;"../Data/vague_7_10/i-nov-palmar-s-vague-10-28601.pdf";"2022";"2024";1788000;778672;"56 29"
"BeFC";"Be-Logic BeFC";"TRANSPORTS, MOBILITÉS, VILLES ET BÂTIMENTS DURABLES";60;10;"../Data/vague_7_10/i-nov-palmar-s-vague-10-28601.pdf";"2023";"2025";1325000;530974;"38"
"CYCLIK";"100LIN";"TRANSPORTS, MOBILITÉS, VILLES ET BÂTIMENTS DURABLES";58;10;"../Data/vague_7_10/i-nov-palmar-s-vague-10-28601.pdf";"2023";"2025";1248000;561826;"73"
"EPEIRE3D";"SC3D-VAE";"TRANSPORTS, MOBILITÉS, VILLES ET BÂTIMENTS DURABLES";65;10;"../Data/vague_7_10/i-nov-palmar-s-vague-10-28601.pdf";"2023";"2026";1140200;472590;"59"
"Hoffmann Green Cement Technologies";"H-GREEN";"TRANSPORTS, MOBILITÉS, VILLES ET BÂTIMENTS DURABLES";61;10;"../Data/vague_7_10/i-nov-palmar-s-vague-10-28601.pdf";"2022";"2024";1524433;683143;"85"
"IQSPOT";"PEPIT";"TRANSPORTS, MOBILITÉS, VILLES ET BÂTIMENTS DURABLES";64;10;"../Data/vague_7_10/i-nov-palmar-s-vague-10-28601.pdf";"2023";"2025";1329470;598261;"33"
"MIDIPILE Mobility";"MHyCO";"TRANSPORTS, MOBILITÉS, VILLES ET BÂTIMENTS DURABLES";63;10;"../Data/vague_7_10/i-nov-palmar-s-vague-10-28601.pdf";"2023";"2026";1140200;472590;"16"
"SAS MINIMUM";"L’industrie du futur";"TRANSPORTS, MOBILITÉS, VILLES ET BÂTIMENTS DURABLES";62;10;"../Data/vague_7_10/i-nov-palmar-s-vague-10-28601.pdf";"2023";"2025";4593747;622687;"93 71"
"Caranx Medical";"Asclépios";"SANTÉ";68;10;"../Data/vague_7_10/i-nov-palmar-s-vague-10-28601.pdf";"2022";"2024";4591996;1607199;"06"
"echOpen Factory";"echOpen Remote";"SANTÉ";70;10;"../Data/vague_7_10/i-nov-palmar-s-vague-10-28601.pdf";"2022";"2025";4233456;1905052;"75"
"GANYMED ROBOTICS";"GANYPLAN";"SANTÉ";71;10;"../Data/vague_7_10/i-nov-palmar-s-vague-10-28601.pdf";"2023";"2024";4955765;2230094;"75"
"Keymaging";"Keymaging V3";"SANTÉ";73;10;"../Data/vague_7_10/i-nov-palmar-s-vague-10-28601.pdf";"2023";"2024";2745266;1235368;"67"
"LUCINE";"LUCINE ENDOCARE";"SANTÉ";74;10;"../Data/vague_7_10/i-nov-palmar-s-vague-10-28601.pdf";"2023";"2025";3234468;1455508;"33"
"MED’INN’Pharma - MIP";"MedInCellFactory";"SANTÉ";75;10;"../Data/vague_7_10/i-nov-palmar-s-vague-10-28601.pdf";"2023";"2025";3511305;1580084;"25"
"My Family Up";"METAPSY2025";"SANTÉ";76;10;"../Data/vague_7_10/i-nov-palmar-s-vague-10-28601.pdf";"2022";"2025";1752552;788648;"31"
"NEWCLIP TECHNICS";"TECTONICS";"SANTÉ";82;10;"../Data/vague_7_10/i-nov-palmar-s-vague-10-28601.pdf";"2022";"2025";1475254;516336;"44"
"POXEL";"START";"SANTÉ";81;10;"../Data/vague_7_10/i-nov-palmar-s-vague-10-28601.pdf";"2023";"2024";3275340;1473900;"69"
"RDS SAS";"MultiSense II";"SANTÉ";77;10;"../Data/vague_7_10/i-nov-palmar-s-vague-10-28601.pdf";"2023";"2026";3400920;1270196;"67"
"RebrAIn";"Ciblage et registre";"SANTÉ";69;10;"../Data/vague_7_10/i-nov-palmar-s-vague-10-28601.pdf";"2023";"2025";1453948;672276;"33"
"SAS Open Stent Solution";"NESTO";"SANTÉ";78;10;"../Data/vague_7_10/i-nov-palmar-s-vague-10-28601.pdf";"2023";"2024";3554476;1599514;"80"
"Sensome";"SPELL";"SANTÉ";80;10;"../Data/vague_7_10/i-nov-palmar-s-vague-10-28601.pdf";"2023";"2026";3512413;1580584;"91"
"Swallis Medical";"Handy-Swallow III";"SANTÉ";72;10;"../Data/vague_7_10/i-nov-palmar-s-vague-10-28601.pdf";"2022";"2025";1690500;760725;"31"
"Therapanacea";"ProphesIA";"SANTÉ";79;10;"../Data/vague_7_10/i-nov-palmar-s-vague-10-28601.pdf";"2023";"2025";4855096;2184792;"75"
"WAINVAM-E";"WELFA-DeNV";"SANTÉ";83;10;"../Data/vague_7_10/i-nov-palmar-s-vague-10-28601.pdf";"2023";"2025";1168795;525956;"56"
